0,0,2019-12-09T00:00:00.000Z
42.77713,11.09895,2019-12-13T10:56:39.000Z
42.76277,11.11689,2019-12-10T12:13:57.583Z
42.7856,11.09533,2019-12-13T09:44:05.927Z
42.77119,11.09263,2019-12-13T12:53:57.000Z
42.75242,11.11891,2019-12-10T12:14:02.090Z
42.78139,11.12152,2019-12-10T12:30:08.220Z
42.91902,10.76405,2019-12-12T11:27:22.150Z
42.86752,11.16656,2019-12-11T13:58:59.737Z
42.77874,11.11466,2019-12-10T09:59:18.000Z
42.77964,11.18521,2019-12-09T12:01:25.200Z
42.75108,11.09692,2019-12-13T14:56:28.410Z
42.77577,11.10452,2019-12-11T10:38:57.000Z
42.7641,11.13124,2019-12-10T10:36:39.453Z
42.75998,11.12271,2019-12-10T11:47:45.000Z
42.7738,11.10296,2019-12-13T11:07:21.000Z
42.77945,11.114,2019-12-10T10:09:43.000Z
42.77201,11.09623,2019-12-13T12:28:48.000Z
42.79664,11.08484,2019-12-12T10:12:55.000Z
42.76164,11.11476,2019-12-09T12:00:56.000Z
42.73867,10.96148,2019-12-12T12:57:55.000Z
42.75994,11.1128,2019-12-09T11:27:01.000Z
42.78418,11.12097,2019-12-10T12:33:37.000Z
42.75274,11.00223,2019-12-12T11:55:05.000Z
42.77177,11.11868,2019-12-11T13:40:00.000Z
42.77375,11.09468,2019-12-13T12:08:00.000Z
42.77182,11.11452,2019-12-11T12:36:33.000Z
42.76122,11.12115,2019-12-10T10:08:54.000Z
42.7663,11.11039,2019-12-11T11:37:32.000Z
42.78573,11.09537,2019-12-13T09:42:26.000Z
42.78106,11.18557,2019-12-09T11:30:22.000Z
42.77057,11.09658,2019-12-13T12:40:33.000Z
42.77331,11.10287,2019-12-13T11:09:07.000Z
42.76182,11.12363,2019-12-10T11:03:05.000Z
42.7838,11.1061,2019-12-09T09:51:28.523Z
42.75932,11.11493,2019-12-09T12:50:42.000Z
42.76719,11.08873,2019-12-13T13:06:21.940Z
42.75951,11.09205,2019-12-13T15:04:52.000Z
42.75554,11.11544,2019-12-13T11:36:55.927Z
42.78299,11.11422,2019-12-10T10:32:40.000Z
42.77978,11.11598,2019-12-10T10:47:43.000Z
42.76023,11.11602,2019-12-09T12:31:00.000Z
42.75251,11.00658,2019-12-12T12:00:06.000Z
42.76511,11.10859,2019-12-11T13:01:11.000Z
42.7721,11.10031,2019-12-13T11:36:00.000Z
42.77905,11.18811,2019-12-09T10:33:53.000Z
42.76808,11.10149,2019-12-13T09:50:03.000Z
42.77779,11.11968,2019-12-10T11:38:00.000Z
42.72139,10.98272,2019-12-11T13:44:08.000Z
42.75985,11.11472,2019-12-09T12:36:54.000Z
42.78115,11.11933,2019-12-10T12:06:32.000Z
42.8339,11.06115,2019-12-12T11:49:01.000Z
42.7733,11.11204,2019-12-11T11:51:12.000Z
42.76224,11.08291,2019-12-13T11:02:58.000Z
42.76982,11.11379,2019-12-10T11:10:57.820Z
42.76544,11.11104,2019-12-11T11:28:31.533Z
42.79098,11.08234,2019-12-12T09:53:40.393Z
42.71581,10.9873,2019-12-11T11:36:28.000Z
42.75643,11.11871,2019-12-10T14:11:33.000Z
42.78341,11.09673,2019-12-13T09:40:59.000Z
42.77243,11.11238,2019-12-11T13:04:32.000Z
42.77958,11.18493,2019-12-09T12:04:57.000Z
42.76966,11.11238,2019-12-12T10:41:29.000Z
42.75863,11.1114,2019-12-09T10:59:00.000Z
42.82472,11.05913,2019-12-12T11:44:04.000Z
42.78335,11.09887,2019-12-13T10:01:07.000Z
42.75087,11.12068,2019-12-10T12:20:54.000Z
42.75827,11.11575,2019-12-10T13:46:20.000Z
42.78418,11.11413,2019-12-10T10:18:53.000Z
42.75635,11.11764,2019-12-10T11:56:52.000Z
42.71802,10.98232,2019-12-11T12:37:56.000Z
42.76208,11.01666,2019-12-12T13:40:02.000Z
42.75718,11.02042,2019-12-12T11:11:22.000Z
42.76284,11.13141,2019-12-10T10:51:35.000Z
42.76154,11.099,2019-12-13T12:42:17.803Z
42.82329,11.02334,2019-12-12T11:26:54.000Z
42.79125,11.08342,2019-12-12T09:50:27.000Z
42.77231,11.1007,2019-12-13T11:23:56.000Z
42.71762,10.98414,2019-12-11T12:54:08.227Z
42.71669,10.98557,2019-12-11T12:14:40.000Z
42.77389,11.11312,2019-12-11T11:52:54.000Z
42.75853,11.1102,2019-12-13T09:35:57.750Z
42.77748,11.11606,2019-12-10T09:45:21.000Z
42.77153,11.09707,2019-12-13T13:23:46.000Z
42.76516,11.15832,2019-12-09T10:01:54.000Z
42.77049,11.09325,2019-12-13T12:56:16.293Z
42.78556,11.09859,2019-12-10T09:40:56.000Z
42.7564,11.1135,2019-12-13T12:10:42.000Z
42.75791,11.11179,2019-12-13T09:53:41.690Z
42.76824,11.09991,2019-12-13T12:41:17.000Z
42.75705,11.12177,2019-12-10T13:52:28.000Z
42.77504,11.10115,2019-12-13T10:20:13.000Z
42.75976,11.12763,2019-12-10T13:07:56.000Z
42.76969,11.11652,2019-12-12T12:19:52.000Z
42.7807,11.1049,2019-12-09T10:44:02.603Z
42.78195,11.11569,2019-12-10T10:34:11.000Z
42.78201,11.11776,2019-12-10T13:09:11.000Z
42.75601,11.11836,2019-12-10T14:07:50.000Z
42.76986,11.11478,2019-12-12T13:25:24.000Z
42.78994,11.08498,2019-12-12T09:45:12.000Z
42.82685,11.16758,2019-12-11T12:47:21.000Z
42.79219,11.10389,2019-12-11T09:41:33.000Z
42.76411,11.12491,2019-12-10T12:25:17.593Z
42.78117,11.18557,2019-12-09T11:32:26.000Z
42.71693,10.98577,2019-12-11T11:43:47.000Z
42.77512,11.14147,2019-12-09T09:48:07.000Z
42.76337,11.113,2019-12-09T10:11:43.000Z
42.76174,11.11299,2019-12-09T10:19:07.000Z
42.75626,11.12042,2019-12-10T14:01:06.000Z
42.77305,11.11345,2019-12-11T12:01:27.000Z
42.76121,11.11606,2019-12-09T11:54:53.000Z
42.76056,11.11261,2019-12-09T11:28:52.000Z
42.77001,11.11804,2019-12-11T12:13:28.000Z
42.75077,11.0972,2019-12-13T14:51:58.247Z
42.75917,11.09969,2019-12-13T13:27:24.857Z
42.76607,11.11052,2019-12-12T11:01:05.027Z
42.7741,11.10062,2019-12-13T10:51:45.000Z
42.77426,11.10922,2019-12-11T11:22:49.000Z
42.77424,11.10173,2019-12-13T10:57:26.000Z
42.91871,10.76161,2019-12-12T12:48:54.403Z
42.77122,11.10096,2019-12-13T09:58:28.000Z
42.80931,11.03698,2019-12-12T10:58:53.000Z
42.77275,11.09678,2019-12-13T12:17:16.000Z
42.86444,11.16232,2019-12-11T13:19:43.227Z
42.74567,10.99357,2019-12-12T12:08:04.000Z
42.76017,11.11344,2019-12-09T10:27:50.000Z
42.71746,10.98767,2019-12-11T12:03:57.000Z
42.76394,11.11667,2019-12-10T12:43:13.000Z
42.76184,11.10983,2019-12-11T14:35:43.000Z
42.76477,11.11636,2019-12-10T11:39:40.610Z
42.76123,11.10992,2019-12-12T10:26:28.197Z
42.89704,11.09271,2019-12-12T12:35:12.000Z
42.78036,11.09858,2019-12-13T10:53:18.000Z
42.75748,11.03566,2019-12-12T11:01:45.000Z
42.78086,11.11561,2019-12-10T10:41:22.000Z
42.78055,11.11985,2019-12-10T12:05:38.000Z
42.77223,11.16623,2019-12-09T10:08:33.000Z
42.76699,11.10279,2019-12-12T11:23:03.153Z
42.76357,11.1302,2019-12-10T10:56:49.000Z
42.79209,11.09446,2019-12-13T10:31:33.000Z
42.81768,11.10566,2019-12-11T11:48:10.000Z
42.78061,11.18454,2019-12-09T11:40:02.507Z
42.76627,11.11731,2019-12-10T11:12:14.000Z
42.81717,11.1304,2019-12-11T11:31:17.333Z
42.76239,11.11291,2019-12-09T10:16:20.000Z
42.75702,11.11136,2019-12-13T12:36:00.000Z
42.76463,11.10296,2019-12-12T13:03:20.000Z
42.77006,11.1145,2019-12-10T10:19:10.103Z
42.75884,11.11425,2019-12-09T10:40:47.000Z
42.76596,11.10483,2019-12-12T11:47:54.190Z
42.71802,10.9832,2019-12-11T12:48:06.000Z
42.75823,10.98847,2019-12-12T13:32:24.000Z
42.77116,11.09956,2019-12-13T11:51:03.000Z
42.79668,11.092,2019-12-13T10:43:08.000Z
42.75777,11.11198,2019-12-13T09:51:56.087Z
42.77844,11.1144,2019-12-10T09:56:47.000Z
42.78777,11.12759,2019-12-10T10:05:25.000Z
42.75986,11.0954,2019-12-13T10:31:36.000Z
42.7728,11.11625,2019-12-11T13:50:43.000Z
42.77839,11.09861,2019-12-13T11:43:09.660Z
42.77986,11.11583,2019-12-10T10:47:49.000Z
42.76241,11.11825,2019-12-10T12:17:35.000Z
42.77378,11.10785,2019-12-11T11:12:52.470Z
42.76317,11.12688,2019-12-10T10:50:31.000Z
42.77416,11.11327,2019-12-11T11:57:05.000Z
42.76267,11.12721,2019-12-10T10:47:18.000Z
42.75929,11.11541,2019-12-09T12:20:36.000Z
42.77766,11.12211,2019-12-10T11:24:53.000Z
42.75658,11.11754,2019-12-10T11:56:19.193Z
42.76528,11.11631,2019-12-10T11:15:22.000Z
42.7676,11.10231,2019-12-13T12:49:23.000Z
42.76104,11.11378,2019-12-09T12:10:41.000Z
42.77412,11.09363,2019-12-13T12:04:00.000Z
42.76016,11.11566,2019-12-09T12:24:26.000Z
42.77996,11.10455,2019-12-09T09:40:00.000Z
42.76904,11.10303,2019-12-13T13:02:14.000Z
42.75924,11.09938,2019-12-13T13:22:50.000Z
42.75624,11.12103,2019-12-10T14:22:38.000Z
42.75808,11.1134,2019-12-09T11:15:09.000Z
42.75785,11.12554,2019-12-10T13:21:08.000Z
42.76939,11.09987,2019-12-13T12:23:23.000Z
42.76995,11.11402,2019-12-12T13:52:18.000Z
42.77157,11.11741,2019-12-11T12:17:34.000Z
42.7473,11.11175,2019-12-13T12:53:21.000Z
42.71766,10.98511,2019-12-11T11:47:16.000Z
42.86809,11.16757,2019-12-11T14:04:36.153Z
42.78275,11.19154,2019-12-09T11:15:13.000Z
42.75283,11.11884,2019-12-10T12:07:08.000Z
42.73134,11.04448,2019-12-12T11:32:47.000Z
42.76147,11.09231,2019-12-13T10:44:26.000Z
42.76768,11.11417,2019-12-12T10:49:19.727Z
42.7547,11.11927,2019-12-10T14:15:23.000Z
42.78854,11.09713,2019-12-13T10:07:49.000Z
42.78137,11.12472,2019-12-10T12:26:56.000Z
42.82827,11.0862,2019-12-11T12:05:37.267Z
42.75997,11.09608,2019-12-13T12:53:15.000Z
42.76189,11.10897,2019-12-11T14:31:55.557Z
42.78164,11.10961,2019-12-09T12:24:25.000Z
42.76695,11.11451,2019-12-12T11:39:11.000Z
42.76169,11.12831,2019-12-10T10:25:04.000Z
42.72187,10.98237,2019-12-11T13:46:25.000Z
42.75246,11.09783,2019-12-13T14:12:32.000Z
42.76866,11.12954,2019-12-10T10:40:19.980Z
42.78027,11.18183,2019-12-09T10:28:22.000Z
42.77139,11.10094,2019-12-13T09:59:02.000Z
42.77889,11.09992,2019-12-13T09:38:01.000Z
42.79868,11.12814,2019-12-11T10:29:30.090Z
42.77431,11.11369,2019-12-09T09:59:50.000Z
42.74658,11.11139,2019-12-13T12:59:37.563Z
42.77055,11.09517,2019-12-13T12:40:39.000Z
42.77604,11.09809,2019-12-13T11:25:28.000Z
42.78343,11.1137,2019-12-10T10:31:17.000Z
42.79151,11.09674,2019-12-13T10:13:12.300Z
42.77227,11.09662,2019-12-13T12:17:30.000Z
42.74404,10.9581,2019-12-12T13:03:46.000Z
42.75822,11.12544,2019-12-10T12:52:15.000Z
42.77978,11.09876,2019-12-13T09:36:45.000Z
42.77854,11.11418,2019-12-12T15:00:12.043Z
42.76579,11.11598,2019-12-10T10:36:38.000Z
42.7153,10.9849,2019-12-11T12:26:31.000Z
42.77118,11.11573,2019-12-11T12:33:57.000Z
42.76342,11.11112,2019-12-11T14:06:01.000Z
42.76112,11.12018,2019-12-10T10:01:41.000Z
42.81746,11.10559,2019-12-11T11:39:49.463Z
42.77291,11.11011,2019-12-11T12:45:03.000Z
42.76451,11.10241,2019-12-12T13:04:40.000Z
42.77161,11.09997,2019-12-13T11:44:39.000Z
42.73613,10.9671,2019-12-12T13:14:53.000Z
42.78122,11.11078,2019-12-09T11:05:20.000Z
42.76084,11.08799,2019-12-13T11:18:36.000Z
42.77412,11.0937,2019-12-13T12:06:14.000Z
42.77166,11.0999,2019-12-13T11:42:51.000Z
42.76821,11.10983,2019-12-11T10:49:44.000Z
42.76554,11.1085,2019-12-11T12:50:26.077Z
42.75982,11.12602,2019-12-10T13:00:45.000Z
42.76813,11.10297,2019-12-13T12:57:50.000Z
42.76147,11.12868,2019-12-10T10:30:30.000Z
42.77718,11.11582,2019-12-10T09:44:41.000Z
42.77886,11.07747,2019-12-12T10:05:02.000Z
42.7756,11.10547,2019-12-11T10:40:00.000Z
42.7776,11.11522,2019-12-10T09:49:36.000Z
42.76112,11.10356,2019-12-12T13:17:45.000Z
42.76234,11.08572,2019-12-13T10:58:56.000Z
42.77073,11.09987,2019-12-13T12:06:26.000Z
42.77383,11.11099,2019-12-11T11:48:50.000Z
42.7174,10.98333,2019-12-11T12:34:59.000Z
42.77983,11.17659,2019-12-09T12:29:29.880Z
42.76701,11.10022,2019-12-13T13:20:26.000Z
42.78197,11.12161,2019-12-10T12:22:08.000Z
42.76028,11.11026,2019-12-11T14:53:18.000Z
42.77278,11.10639,2019-12-11T10:17:18.000Z
42.77976,11.17595,2019-12-09T12:22:32.207Z
42.75085,11.12144,2019-12-10T12:24:23.000Z
42.78286,11.09797,2019-12-13T09:37:51.000Z
42.76996,11.10318,2019-12-13T09:40:45.000Z
42.74292,11.10813,2019-12-13T13:50:26.147Z
42.77195,11.11593,2019-12-11T12:11:21.000Z
42.77607,11.12089,2019-12-10T11:12:50.000Z
42.7614,11.12889,2019-12-10T10:31:26.000Z
42.75873,11.08849,2019-12-13T14:51:20.000Z
42.75815,11.12341,2019-12-10T13:28:49.000Z
42.75246,10.99736,2019-12-12T11:59:40.000Z
42.76059,11.11888,2019-12-10T13:01:07.000Z
42.76118,11.11473,2019-12-09T12:00:23.000Z
42.75629,11.12022,2019-12-10T14:04:37.000Z
42.75928,11.09108,2019-12-13T14:46:06.000Z
42.76064,11.12237,2019-12-10T11:35:39.000Z
42.76179,11.1123,2019-12-09T11:40:20.000Z
42.77166,11.09967,2019-12-13T11:45:49.000Z
42.75037,11.12094,2019-12-10T12:29:47.000Z
42.76867,11.11066,2019-12-11T10:49:43.000Z
42.86756,11.16601,2019-12-11T14:18:19.000Z
42.77776,11.12238,2019-12-10T11:22:25.000Z
42.7725,11.11242,2019-12-11T13:06:34.000Z
42.77693,11.06495,2019-12-12T10:11:52.000Z
42.76096,11.11954,2019-12-10T12:57:10.370Z
42.76305,11.10876,2019-12-11T13:29:17.000Z
42.75575,11.11165,2019-12-13T09:49:07.000Z
42.75647,11.11909,2019-12-10T14:07:19.347Z
42.77423,11.10113,2019-12-13T10:54:49.000Z
42.75938,11.11376,2019-12-09T10:35:55.000Z
42.74031,11.03142,2019-12-12T11:39:51.000Z
42.77405,11.1008,2019-12-13T10:53:08.000Z
42.78191,11.12169,2019-12-10T12:32:09.000Z
42.77634,11.12175,2019-12-10T11:16:13.000Z
42.78307,11.1093,2019-12-09T12:25:11.000Z
42.75866,11.11217,2019-12-09T11:09:33.000Z
42.92232,10.76489,2019-12-12T12:26:06.800Z
42.75983,11.12072,2019-12-10T11:19:09.000Z
42.76068,11.11423,2019-12-09T12:04:32.000Z
42.71026,10.99112,2019-12-11T13:14:49.627Z
42.77894,11.07709,2019-12-12T10:05:03.000Z
42.71767,10.98301,2019-12-11T12:40:24.000Z
42.72015,10.98352,2019-12-11T13:37:46.000Z
42.75781,11.10467,2019-12-12T13:53:18.000Z
42.78823,11.12605,2019-12-11T10:09:00.123Z
42.75896,11.09105,2019-12-13T14:41:53.097Z
42.75325,11.09782,2019-12-13T14:07:16.773Z
42.75819,11.12372,2019-12-10T13:24:34.000Z
42.71591,10.98748,2019-12-11T11:35:30.000Z
42.77419,11.11092,2019-12-11T11:47:00.000Z
42.85319,11.07772,2019-12-12T10:42:29.000Z
42.76678,11.10249,2019-12-12T10:56:39.000Z
42.76535,11.10072,2019-12-13T13:39:14.227Z
42.76817,11.10314,2019-12-13T12:59:31.000Z
42.78343,11.05872,2019-12-12T10:40:22.000Z
42.7622,11.12189,2019-12-10T12:15:24.623Z
42.75743,11.12186,2019-12-10T13:52:08.000Z
42.75387,11.11228,2019-12-13T12:23:55.673Z
42.77283,11.11184,2019-12-11T13:03:44.723Z
42.76421,11.12074,2019-12-10T13:01:41.177Z
42.77242,11.09624,2019-12-13T12:18:38.000Z
42.71718,10.98207,2019-12-11T12:43:01.000Z
42.76133,11.12344,2019-12-10T10:13:44.000Z
42.77783,11.09834,2019-12-13T11:39:00.000Z
42.76012,11.03657,2019-12-12T11:00:10.000Z
42.7529,11.11856,2019-12-10T12:04:53.000Z
42.77415,11.10175,2019-12-13T10:59:14.000Z
42.71423,10.98427,2019-12-11T12:26:26.430Z
42.7718,11.08907,2019-12-12T09:49:38.000Z
42.77932,11.1828,2019-12-09T11:53:37.733Z
42.78003,11.11862,2019-12-10T11:55:12.000Z
42.77716,11.10152,2019-12-12T09:34:45.000Z
42.74426,11.11038,2019-12-13T13:09:09.000Z
42.77059,11.09555,2019-12-13T12:42:21.000Z
42.79047,11.09756,2019-12-13T10:09:43.000Z
42.75906,11.11386,2019-12-09T10:43:51.000Z
42.76953,11.10035,2019-12-13T12:15:05.000Z
42.76814,11.10917,2019-12-11T12:25:18.000Z
42.76748,11.10787,2019-12-11T11:57:20.000Z
42.77106,11.09581,2019-12-13T12:38:34.000Z
42.78592,11.11203,2019-12-09T13:33:50.133Z
42.76529,11.11609,2019-12-10T11:25:44.620Z
42.75716,11.25149,2019-12-09T12:46:57.393Z
42.76059,11.1219,2019-12-10T11:24:35.000Z
42.75682,11.11589,2019-12-13T12:06:11.000Z
42.76559,11.10105,2019-12-13T13:39:37.000Z
42.78238,11.1127,2019-12-10T10:14:08.000Z
42.78305,11.18885,2019-12-09T10:45:07.000Z
42.77679,11.09879,2019-12-13T11:00:10.000Z
42.71615,10.98518,2019-12-11T13:03:58.000Z
42.7485,10.95986,2019-12-12T13:09:48.000Z
42.7693,11.09928,2019-12-13T12:35:30.113Z
42.77026,11.14081,2019-12-09T09:48:41.000Z
42.73936,11.11019,2019-12-13T13:11:02.000Z
42.75868,11.11753,2019-12-10T14:17:32.957Z
42.77785,11.11434,2019-12-10T09:55:10.000Z
42.77052,11.10806,2019-12-11T10:06:00.143Z
42.75849,11.11262,2019-12-09T11:13:01.000Z
42.71992,10.98344,2019-12-11T13:36:17.000Z
42.78575,11.09901,2019-12-12T09:46:36.613Z
42.77025,11.09988,2019-12-13T12:10:12.000Z
42.77997,11.17618,2019-12-09T12:19:56.243Z
42.7925,11.10389,2019-12-09T13:04:10.000Z
42.76118,11.10104,2019-12-13T12:40:12.000Z
42.75988,11.1151,2019-12-09T12:44:23.000Z
42.76408,11.11434,2019-12-10T11:45:26.000Z
42.75226,11.10006,2019-12-13T13:52:20.000Z
42.76381,11.11696,2019-12-10T12:37:56.403Z
42.75941,11.09704,2019-12-13T12:56:57.000Z
42.77547,11.0955,2019-12-13T11:10:11.000Z
42.78017,11.11607,2019-12-10T10:45:36.000Z
42.77036,11.10012,2019-12-13T12:11:24.000Z
42.71891,10.99096,2019-12-11T11:26:49.000Z
42.7628,11.11917,2019-12-10T12:04:28.287Z
42.7621,11.11836,2019-12-10T12:17:36.000Z
42.77984,11.17648,2019-12-09T12:29:14.070Z
42.76685,11.11539,2019-12-10T09:46:03.000Z
42.75981,11.12075,2019-12-10T11:19:52.790Z
42.77256,11.11461,2019-12-11T12:08:14.000Z
42.76212,11.11359,2019-12-09T11:48:37.000Z
42.75923,11.11422,2019-12-09T10:38:47.000Z
42.75934,11.11414,2019-12-09T10:36:32.000Z
42.77719,11.12053,2019-12-10T11:19:25.000Z
42.75708,11.11449,2019-12-13T10:09:06.383Z
42.78226,11.12057,2019-12-10T12:20:03.000Z
42.77067,11.1174,2019-12-11T12:22:46.000Z
42.76237,11.12455,2019-12-10T12:32:13.480Z
42.76753,11.10121,2019-12-13T12:46:24.000Z
42.79068,11.08171,2019-12-12T10:09:42.907Z
42.76464,11.14492,2019-12-09T09:53:51.000Z
42.77413,11.11223,2019-12-11T11:55:03.000Z
42.76317,11.12653,2019-12-10T10:49:25.000Z
42.76299,11.1125,2019-12-09T10:08:36.000Z
42.7613,11.12096,2019-12-10T10:07:58.000Z
42.76533,11.14422,2019-12-09T09:58:58.000Z
42.80949,11.03953,2019-12-12T10:54:21.117Z
42.7785,11.11419,2019-12-12T14:44:07.000Z
42.76982,11.11465,2019-12-12T13:44:46.893Z
42.75565,11.12022,2019-12-10T14:01:40.647Z
42.75545,11.11832,2019-12-10T14:13:14.000Z
42.76058,11.0935,2019-12-13T12:09:16.000Z
42.77775,11.11899,2019-12-10T11:42:19.000Z
42.77176,11.10793,2019-12-11T12:48:12.000Z
42.7698,11.11553,2019-12-12T12:55:06.140Z
42.76086,11.12817,2019-12-10T10:15:18.000Z
42.75933,11.09948,2019-12-13T13:24:51.033Z
42.76179,11.1283,2019-12-10T10:27:24.000Z
42.79517,11.09115,2019-12-13T10:41:58.000Z
42.76027,11.11435,2019-12-09T12:14:07.000Z
42.78106,11.11864,2019-12-10T12:01:40.000Z
42.77731,11.11965,2019-12-10T11:27:06.000Z
42.7889,11.12474,2019-12-11T09:59:56.063Z
42.77391,11.10666,2019-12-11T10:23:15.000Z
42.76357,11.132,2019-12-10T10:53:41.000Z
42.7738,11.10133,2019-12-13T10:00:23.000Z
42.76235,11.10464,2019-12-12T12:03:19.357Z
42.76475,11.1092,2019-12-11T13:12:10.000Z
42.76149,11.12761,2019-12-10T10:19:49.000Z
42.86702,11.16568,2019-12-11T13:50:55.000Z
42.78303,11.11779,2019-12-10T13:05:19.000Z
42.86768,11.16698,2019-12-11T14:01:20.373Z
42.75813,11.08985,2019-12-13T14:55:29.000Z
42.77549,11.10566,2019-12-11T10:43:16.000Z
42.76598,11.092,2019-12-13T13:08:10.000Z
42.75837,11.11704,2019-12-10T13:26:55.673Z
42.76226,11.1182,2019-12-10T12:19:45.000Z
42.76372,11.1076,2019-12-12T12:50:27.100Z
42.77162,11.09858,2019-12-13T11:52:29.000Z
42.75341,11.11989,2019-12-10T13:45:18.000Z
42.75447,11.12109,2019-12-10T13:53:59.000Z
42.77544,11.10175,2019-12-13T10:11:56.137Z
42.88847,11.06463,2019-12-12T12:18:03.000Z
42.71925,10.9822,2019-12-11T13:30:03.000Z
42.77771,11.0803,2019-12-12T10:00:42.000Z
42.78913,11.09418,2019-12-13T10:29:24.000Z
42.7592,11.09981,2019-12-13T13:30:29.000Z
42.7394,11.03815,2019-12-12T11:32:21.000Z
42.76194,11.12596,2019-12-10T11:00:55.000Z
42.76317,11.12078,2019-12-10T12:11:58.313Z
42.76132,11.12059,2019-12-10T11:09:47.137Z
42.74253,11.03181,2019-12-12T11:43:21.000Z
42.78212,11.18999,2019-12-09T11:20:24.000Z
42.76173,11.12831,2019-12-10T10:26:56.343Z
42.80744,11.09461,2019-12-11T11:08:33.000Z
42.75908,11.1004,2019-12-13T13:29:50.000Z
42.76041,11.12374,2019-12-10T11:44:24.130Z
42.77197,11.11354,2019-12-11T12:40:17.000Z
42.76768,11.11717,2019-12-12T11:54:25.000Z
42.75341,11.12011,2019-12-10T13:47:46.000Z
42.72294,10.98276,2019-12-11T13:53:44.000Z
42.75856,11.12154,2019-12-10T13:39:23.000Z
42.78541,11.10969,2019-12-09T13:05:12.000Z
42.77144,11.09584,2019-12-13T12:31:29.093Z
42.76299,11.10986,2019-12-11T14:12:55.000Z
42.76249,11.11293,2019-12-09T10:14:44.000Z
42.71745,10.98649,2019-12-11T12:07:31.000Z
42.76516,11.12003,2019-12-10T11:17:22.463Z
42.85108,11.09692,2019-12-11T12:04:10.163Z
42.7634,11.12202,2019-12-10T12:20:52.273Z
42.77378,11.1633,2019-12-09T10:18:05.000Z
42.7832,11.11297,2019-12-10T10:14:09.000Z
42.76758,11.11135,2019-12-12T11:15:34.000Z
42.7746,11.10002,2019-12-13T10:43:10.000Z
42.74741,11.01294,2019-12-12T12:02:34.000Z
42.75354,11.10141,2019-12-12T12:43:35.000Z
42.77714,11.10146,2019-12-13T09:34:30.000Z
42.77545,11.10548,2019-12-11T10:41:57.000Z
42.7635,11.10422,2019-12-12T12:07:01.000Z
42.73871,10.97961,2019-12-12T12:23:42.000Z
42.78012,11.11118,2019-12-09T11:11:24.000Z
42.77949,11.11918,2019-12-10T11:52:24.940Z
42.93346,10.7682,2019-12-12T16:14:25.027Z
42.77947,11.09933,2019-12-13T10:56:02.000Z
42.76255,11.12491,2019-12-10T12:36:46.650Z
42.7591,11.12634,2019-12-10T13:03:14.000Z
42.77134,11.09544,2019-12-13T12:34:49.000Z
42.78573,11.09903,2019-12-11T10:05:35.000Z
42.7748,11.10468,2019-12-11T11:02:52.000Z
42.76407,11.10359,2019-12-12T12:07:15.000Z
42.76523,11.09338,2019-12-13T13:10:50.000Z
42.75627,11.11385,2019-12-13T12:08:48.000Z
42.77135,11.08896,2019-12-12T09:52:16.000Z
42.77534,11.09711,2019-12-13T11:07:04.000Z
42.76702,11.11295,2019-12-12T10:58:17.907Z
42.76931,11.09926,2019-12-13T12:30:49.000Z
42.76534,11.11924,2019-12-10T11:20:57.687Z
42.77591,11.10707,2019-12-13T11:04:36.000Z
42.91899,10.76404,2019-12-12T11:26:20.210Z
42.76235,11.12813,2019-12-10T10:44:53.000Z
42.7658,11.10973,2019-12-12T11:07:16.000Z
42.76566,11.11842,2019-12-10T11:05:32.000Z
42.76637,11.1,2019-12-13T13:22:41.000Z
42.7641,11.10389,2019-12-12T12:08:36.000Z
42.79662,11.08484,2019-12-12T10:15:42.000Z
42.72414,10.99585,2019-12-12T12:36:08.000Z
42.71592,10.9855,2019-12-11T13:06:35.000Z
42.76009,11.1153,2019-12-09T12:32:36.000Z
42.86728,11.16471,2019-12-11T13:20:42.727Z
42.7606,11.119,2019-12-10T12:56:40.133Z
42.7664,11.11592,2019-12-10T10:12:51.000Z
42.76559,11.10438,2019-12-12T12:44:34.513Z
42.76119,11.11959,2019-12-10T11:47:45.023Z
42.76485,11.14702,2019-12-09T09:57:19.000Z
42.77561,11.10631,2019-12-11T10:47:17.000Z
42.76351,11.1474,2019-12-10T10:35:29.000Z
42.75644,11.11904,2019-12-10T14:10:23.353Z
42.78193,11.10934,2019-12-09T11:00:36.000Z
42.78778,11.09511,2019-12-13T10:23:52.597Z
42.76958,11.16354,2019-12-09T10:05:46.000Z
42.76336,11.11247,2019-12-09T10:06:09.000Z
42.7662,11.15586,2019-12-09T14:01:29.030Z
42.76586,11.10254,2019-12-12T09:57:23.000Z
42.77816,11.12069,2019-12-10T11:31:24.000Z
42.76987,11.11615,2019-12-11T12:32:47.000Z
42.77303,11.11669,2019-12-11T13:46:37.000Z
42.7715,11.09957,2019-12-13T11:48:56.000Z
42.76585,11.10253,2019-12-12T09:53:11.000Z
42.75982,11.11485,2019-12-09T12:41:09.527Z
42.80971,11.0422,2019-12-12T10:51:36.000Z
42.77655,11.10219,2019-12-10T09:59:37.000Z
42.7651,11.10883,2019-12-11T12:57:32.397Z
42.77108,11.10143,2019-12-13T13:10:28.000Z
42.78725,11.09809,2019-12-13T09:50:44.000Z
42.76924,11.10045,2019-12-13T12:17:42.000Z
42.75905,11.11157,2019-12-09T10:54:47.123Z
42.74851,10.93611,2019-12-12T13:31:54.000Z
42.76006,11.08928,2019-12-13T11:24:03.683Z
42.77166,11.09702,2019-12-13T13:19:01.000Z
42.91911,10.76453,2019-12-12T11:48:56.623Z
42.79073,11.08176,2019-12-12T10:08:42.813Z
42.77079,11.11503,2019-12-12T14:35:49.627Z
42.76328,11.10911,2019-12-11T13:22:15.853Z
42.76146,11.12761,2019-12-10T10:18:59.000Z
42.75649,11.11946,2019-12-10T14:05:37.000Z
42.77853,11.11424,2019-12-12T14:42:34.000Z
42.77512,11.10195,2019-12-13T10:09:17.000Z
42.76799,11.10246,2019-12-13T12:50:31.000Z
42.7746,11.10007,2019-12-13T10:44:59.000Z
42.78598,11.09758,2019-12-13T10:02:32.000Z
42.87375,11.06485,2019-12-12T12:19:46.000Z
42.78986,11.08555,2019-12-12T09:39:52.000Z
42.77999,11.10453,2019-12-09T09:42:01.000Z
42.78816,11.1576,2019-12-09T13:54:58.380Z
42.7802,11.18431,2019-12-09T12:00:42.210Z
42.75964,11.1158,2019-12-09T12:28:37.000Z
42.78573,11.09904,2019-12-11T10:16:10.000Z
42.75692,11.10654,2019-12-12T14:01:44.000Z
42.83486,11.08474,2019-12-11T11:49:14.000Z
42.76927,11.09924,2019-12-13T12:33:05.000Z
42.76174,11.08971,2019-12-13T11:56:07.000Z
42.76525,11.10133,2019-12-13T13:31:06.000Z
42.76605,11.11052,2019-12-12T11:02:50.753Z
42.76877,11.10133,2019-12-13T09:51:19.000Z
42.78034,11.18454,2019-12-09T11:44:16.000Z
42.78152,11.18708,2019-12-09T11:25:52.000Z
42.78889,11.12447,2019-12-11T09:57:23.697Z
42.71762,10.98737,2019-12-11T12:10:18.000Z
42.76003,11.11839,2019-12-09T10:04:59.000Z
42.77905,11.1881,2019-12-09T10:32:36.000Z
42.77499,11.10109,2019-12-13T10:21:00.000Z
42.86781,11.16717,2019-12-11T14:01:45.313Z
42.77024,11.14081,2019-12-09T09:49:25.000Z
42.77959,11.11899,2019-12-10T11:53:37.000Z
42.76622,11.10819,2019-12-11T12:55:01.000Z
42.77079,11.12003,2019-12-10T14:06:51.190Z
42.77911,11.11477,2019-12-10T10:01:52.000Z
42.8465,11.0956,2019-12-11T11:57:15.000Z
42.77631,11.09855,2019-12-13T11:29:42.000Z
42.76503,11.11119,2019-12-11T11:04:08.043Z
42.78279,11.1908,2019-12-09T10:36:18.000Z
42.76488,11.1579,2019-12-09T10:00:21.000Z
42.76357,11.11114,2019-12-11T13:51:51.223Z
42.75549,11.1204,2019-12-10T14:02:49.000Z
42.76803,11.10903,2019-12-11T11:54:32.160Z
42.77316,11.11356,2019-12-11T12:04:27.000Z
42.75837,11.12687,2019-12-10T13:17:00.000Z
42.76227,11.11322,2019-12-09T11:47:41.000Z
42.766,11.11032,2019-12-12T11:07:26.000Z
42.93362,10.76787,2019-12-12T16:07:01.387Z
42.76722,11.10056,2019-12-13T13:17:47.000Z
42.75042,11.12024,2019-12-10T12:36:26.000Z
42.7774,11.10106,2019-12-13T11:36:59.000Z
42.767,11.10913,2019-12-11T12:09:52.220Z
42.81081,11.0875,2019-12-11T11:08:32.000Z
42.78579,11.10984,2019-12-09T13:12:55.730Z
42.77728,11.12176,2019-12-10T11:19:25.000Z
42.7954,11.092,2019-12-13T10:44:11.000Z
42.77378,11.10145,2019-12-13T10:01:25.000Z
42.76522,11.10866,2019-12-11T13:01:15.000Z
42.77843,11.11422,2019-12-12T14:27:53.000Z
42.78968,11.09529,2019-12-13T10:16:18.000Z
42.76039,11.12069,2019-12-10T11:17:00.000Z
42.77195,11.11959,2019-12-11T13:18:05.000Z
42.76429,11.11374,2019-12-10T11:29:33.130Z
42.76311,11.12688,2019-12-10T10:43:16.000Z
42.76838,11.11794,2019-12-12T12:18:42.000Z
42.75668,11.11799,2019-12-10T12:43:14.947Z
42.80465,11.02362,2019-12-12T11:06:32.000Z
42.72002,10.98359,2019-12-11T13:33:49.000Z
42.7653,11.1007,2019-12-13T13:38:19.597Z
42.71749,10.98672,2019-12-11T12:06:04.000Z
42.7743,11.10809,2019-12-11T11:15:42.433Z
42.73829,10.98022,2019-12-12T12:17:03.000Z
42.75446,11.11488,2019-12-13T11:17:01.000Z
42.77179,11.10791,2019-12-11T12:49:34.453Z
42.78811,11.09529,2019-12-13T10:24:53.000Z
42.75708,11.11458,2019-12-13T10:05:48.000Z
42.79043,11.11255,2019-12-11T09:38:52.000Z
42.76728,11.11507,2019-12-10T09:43:45.000Z
42.77504,11.10043,2019-12-13T10:40:37.000Z
42.77416,11.16255,2019-12-09T10:15:42.000Z
42.77437,11.1017,2019-12-13T10:55:34.000Z
42.77834,11.18673,2019-12-09T10:31:35.000Z
42.76762,11.10122,2019-12-13T12:48:34.000Z
42.76307,11.11281,2019-12-09T10:11:42.000Z
42.76213,11.08044,2019-12-13T10:58:57.000Z
42.77533,11.10482,2019-12-11T10:34:35.000Z
42.78217,11.18926,2019-12-09T11:22:05.000Z
42.76082,11.11313,2019-12-09T10:24:30.000Z
42.77421,11.09372,2019-12-13T12:05:55.000Z
42.76702,11.11487,2019-12-12T11:26:04.897Z
42.78995,11.08552,2019-12-12T09:42:25.000Z
42.77087,11.09979,2019-12-13T12:03:58.000Z
42.76123,11.10414,2019-12-12T13:30:40.000Z
42.76587,11.11607,2019-12-10T10:10:23.983Z
42.71654,10.98837,2019-12-11T11:31:35.000Z
42.77103,11.10013,2019-12-13T12:01:00.260Z
42.76094,11.11202,2019-12-09T11:34:39.000Z
42.79482,11.09858,2019-12-12T10:27:45.000Z
42.75495,11.11374,2019-12-13T10:28:20.000Z
42.75232,11.09761,2019-12-13T14:21:01.063Z
42.77298,11.11297,2019-12-11T11:59:18.000Z
42.77026,11.10136,2019-12-13T13:16:06.000Z
42.7648,11.14657,2019-12-09T09:56:39.000Z
42.75361,11.12282,2019-12-10T13:42:53.000Z
42.76406,11.10393,2019-12-12T12:10:47.637Z
42.81225,11.06983,2019-12-12T10:49:31.000Z
42.71413,10.98398,2019-12-11T12:24:04.000Z
42.91866,10.76158,2019-12-13T11:51:15.737Z
42.76515,11.10862,2019-12-11T12:58:38.143Z
42.77267,11.11651,2019-12-11T13:47:34.000Z
42.76116,11.0972,2019-12-13T12:28:18.143Z
42.75835,11.11574,2019-12-10T13:48:34.000Z
42.76183,11.08767,2019-12-13T11:13:31.350Z
42.8185,11.03385,2019-12-12T11:24:07.847Z
42.76099,11.11406,2019-12-09T12:06:06.523Z
42.77286,11.1014,2019-12-13T11:21:29.000Z
42.75216,11.09746,2019-12-13T14:47:31.047Z
42.75006,11.12113,2019-12-10T12:31:28.847Z
42.77836,11.11423,2019-12-12T14:30:13.000Z
42.7912,11.09239,2019-12-13T10:35:46.000Z
42.75481,11.11452,2019-12-13T11:19:17.000Z
42.91965,10.76692,2019-12-12T12:03:48.400Z
42.76518,11.10884,2019-12-11T11:10:49.907Z
42.76615,11.11712,2019-12-10T13:52:45.290Z
42.7606,11.09589,2019-12-13T12:49:10.000Z
42.71561,10.98796,2019-12-11T11:33:48.000Z
42.76507,11.10882,2019-12-11T12:58:25.277Z
42.76541,11.11103,2019-12-11T11:14:27.433Z
42.76929,11.10056,2019-12-13T12:20:09.000Z
42.7704,11.10177,2019-12-13T11:14:01.000Z
42.72319,10.98547,2019-12-11T13:48:26.000Z
42.71582,10.98612,2019-12-11T12:29:48.000Z
42.77713,11.1014,2019-12-13T09:32:40.000Z
42.76598,11.09199,2019-12-13T13:08:27.000Z
42.76485,11.11522,2019-12-10T11:34:39.910Z
42.7641,11.10397,2019-12-12T12:13:05.000Z
42.79121,11.09241,2019-12-13T10:37:30.000Z
42.76094,11.10961,2019-12-11T14:39:55.000Z
42.76823,11.10311,2019-12-13T12:56:01.000Z
42.77136,11.09534,2019-12-13T12:33:47.000Z
42.77215,11.09976,2019-12-13T11:39:17.000Z
42.79701,11.13424,2019-12-11T10:37:50.000Z
42.74791,11.12511,2019-12-10T13:37:33.000Z
42.77004,11.10933,2019-12-11T10:15:38.397Z
42.76955,11.1227,2019-12-10T14:40:20.570Z
42.78032,11.11089,2019-12-09T11:13:41.657Z
42.86741,11.16529,2019-12-11T13:42:28.987Z
42.77892,11.11759,2019-12-10T11:46:41.000Z
42.77483,11.1049,2019-12-11T11:05:31.000Z
42.78012,11.11129,2019-12-09T11:10:42.000Z
42.75562,11.12,2019-12-10T13:59:42.000Z
42.75877,11.12508,2019-12-10T12:50:51.000Z
42.77639,11.11988,2019-12-10T11:04:22.000Z
42.77866,11.07018,2019-12-12T10:09:43.000Z
42.7656,11.11006,2019-12-11T12:21:57.833Z
42.77657,11.09793,2019-12-13T11:33:12.000Z
42.76177,11.12825,2019-12-10T10:29:30.000Z
42.7881,11.09902,2019-12-13T10:05:41.000Z
42.7762,11.10541,2019-12-11T10:50:49.000Z
42.76349,11.1111,2019-12-11T13:51:28.060Z
42.77222,11.16623,2019-12-09T10:08:18.000Z
42.75855,11.11021,2019-12-13T09:32:46.000Z
42.76243,11.12867,2019-12-10T10:33:43.000Z
42.77285,11.11176,2019-12-11T13:00:29.693Z
42.76413,11.1039,2019-12-12T12:11:35.000Z
42.75357,11.11971,2019-12-10T13:44:19.000Z
42.83209,11.03857,2019-12-12T11:31:00.000Z
42.76079,11.11554,2019-12-09T11:56:36.000Z
42.75473,11.11969,2019-12-10T14:19:58.000Z
42.76757,11.10187,2019-12-13T12:43:02.000Z
42.77712,11.10093,2019-12-13T09:31:06.000Z
42.71663,10.98878,2019-12-11T11:28:53.000Z
42.76573,11.11822,2019-12-10T11:03:25.707Z
42.76079,11.12182,2019-12-10T11:27:11.000Z
42.76587,11.1328,2019-12-10T10:39:40.737Z
42.9196,10.76506,2019-12-12T11:51:20.820Z
42.78565,11.09905,2019-12-12T15:05:58.627Z
42.76638,11.11257,2019-12-12T11:16:12.000Z
42.75711,11.1215,2019-12-10T13:56:01.000Z
42.78888,11.0967,2019-12-13T10:20:44.987Z
42.77965,11.1758,2019-12-09T12:25:26.237Z
42.78216,11.11751,2019-12-10T13:07:37.000Z
42.76754,11.10799,2019-12-11T11:59:46.000Z
42.79311,11.0954,2019-12-13T10:30:30.000Z
42.78045,11.05916,2019-12-12T10:41:44.000Z
42.77094,11.11375,2019-12-12T14:12:47.460Z
42.75926,11.11495,2019-12-09T12:52:49.000Z
42.71644,10.98493,2019-12-11T12:15:10.000Z
42.9224,10.76497,2019-12-12T12:26:33.057Z
42.75143,11.12299,2019-12-10T13:41:30.360Z
42.76171,11.08385,2019-12-13T11:10:29.273Z
42.7625,11.11366,2019-12-09T13:19:47.000Z
42.75297,11.09846,2019-12-13T14:02:47.837Z
42.79628,11.14795,2019-12-09T13:45:35.570Z
42.77454,11.09363,2019-12-13T12:02:41.000Z
42.86741,11.16571,2019-12-11T13:44:44.063Z
42.77564,11.09897,2019-12-13T11:25:52.000Z
42.78624,11.10465,2019-12-09T09:55:47.827Z
42.78253,11.10674,2019-12-09T09:47:20.740Z
42.76912,11.09721,2019-12-13T13:12:40.000Z
42.77081,11.10118,2019-12-13T09:43:49.000Z
42.78589,11.11227,2019-12-09T13:30:47.180Z
42.91865,10.76171,2019-12-12T12:57:16.120Z
42.77837,11.09868,2019-12-13T11:46:45.000Z
42.77486,11.09929,2019-12-13T10:34:29.000Z
42.75999,11.12786,2019-12-10T13:09:51.000Z
42.76993,11.11404,2019-12-12T13:54:19.000Z
42.76329,11.10875,2019-12-11T13:25:21.713Z
42.76978,11.11525,2019-12-12T12:56:23.000Z
42.77163,11.11476,2019-12-11T13:09:12.000Z
42.75317,11.1145,2019-12-10T14:20:03.000Z
42.77774,11.10394,2019-12-11T10:55:30.000Z
42.78989,11.10283,2019-12-13T09:53:09.000Z
42.77596,11.098,2019-12-13T11:52:44.120Z
42.80407,11.07918,2019-12-12T10:30:46.000Z
42.8083,11.03042,2019-12-12T11:11:55.000Z
42.77986,11.10458,2019-12-09T09:44:05.000Z
42.81012,11.04655,2019-12-12T10:50:57.000Z
42.77393,11.10623,2019-12-11T10:27:08.000Z
42.78233,11.11781,2019-12-10T13:03:06.000Z
42.75863,11.11155,2019-12-09T11:04:58.000Z
42.75833,11.11115,2019-12-09T11:00:53.000Z
42.77277,11.11003,2019-12-11T12:57:59.003Z
42.78393,11.11279,2019-12-10T10:15:41.000Z
42.7841,11.09817,2019-12-13T09:54:40.557Z
42.71807,10.98838,2019-12-11T11:57:51.000Z
42.71887,10.98908,2019-12-11T12:01:11.000Z
42.77761,11.11965,2019-12-10T11:43:49.000Z
42.72175,10.98158,2019-12-11T13:28:32.000Z
42.78961,11.08497,2019-12-12T09:44:47.000Z
42.77599,11.1008,2019-12-13T10:23:45.000Z
42.7614,11.12328,2019-12-10T11:43:16.000Z
42.76696,11.10784,2019-12-11T12:35:34.337Z
42.76579,11.11599,2019-12-10T10:34:29.000Z
42.75577,11.11167,2019-12-13T09:51:44.287Z
42.78318,11.18963,2019-12-09T10:40:45.000Z
42.77266,11.11018,2019-12-11T12:44:21.000Z
42.76892,11.09304,2019-12-13T13:04:03.000Z
42.77386,11.16339,2019-12-09T10:19:35.000Z
42.75967,11.12835,2019-12-10T13:12:08.000Z
42.77087,11.09531,2019-12-13T12:36:44.000Z
42.76929,11.1028,2019-12-13T13:04:05.000Z
42.91889,10.76491,2019-12-12T11:20:42.730Z
42.74782,10.98607,2019-12-12T12:11:52.000Z
42.78334,11.09883,2019-12-13T09:59:44.000Z
42.77427,11.10051,2019-12-13T10:47:08.000Z
42.78304,11.18961,2019-12-09T10:48:45.000Z
42.766,11.10076,2019-12-13T14:03:46.000Z
42.76114,11.11403,2019-12-09T12:06:38.000Z
42.72229,10.9837,2019-12-11T13:55:54.000Z
42.71548,10.98335,2019-12-11T12:17:26.000Z
42.75732,11.11521,2019-12-09T10:46:09.000Z
42.77528,11.10482,2019-12-11T10:31:39.000Z
42.71938,10.98795,2019-12-11T11:50:51.000Z
42.73472,10.97201,2019-12-12T12:44:44.000Z
42.76435,11.10821,2019-12-12T10:29:52.703Z
42.76554,11.11093,2019-12-11T11:16:41.107Z
42.76224,11.11399,2019-12-09T11:51:07.000Z
42.71573,10.98703,2019-12-11T11:39:01.000Z
42.7764,11.10171,2019-12-13T10:11:02.000Z
42.77587,11.10445,2019-12-11T10:36:23.470Z
42.7559,11.11834,2019-12-10T14:07:25.000Z
42.77927,11.11493,2019-12-10T10:52:13.000Z
42.75134,11.11279,2019-12-13T12:51:52.000Z
42.71931,10.9943,2019-12-11T11:49:43.000Z
42.76974,11.11865,2019-12-11T13:13:00.000Z
42.75073,11.12075,2019-12-10T12:22:36.120Z
42.7588,11.11146,2019-12-09T10:55:02.000Z
42.9194,10.76482,2019-12-12T11:53:43.587Z
42.76464,11.10975,2019-12-11T13:36:24.627Z
42.77288,11.10662,2019-12-11T10:18:40.000Z
42.75406,11.12116,2019-12-10T13:49:45.000Z
42.7833,11.18851,2019-12-09T10:41:29.000Z
42.75824,11.12558,2019-12-10T12:54:01.000Z
42.77691,11.10919,2019-12-10T10:38:29.000Z
42.77709,11.12109,2019-12-10T11:25:51.000Z
42.76591,11.11605,2019-12-10T10:11:19.000Z
42.78569,11.10281,2019-12-09T10:12:10.427Z
42.76211,11.11059,2019-12-12T10:23:56.227Z
42.7585,11.09768,2019-12-13T13:15:15.000Z
42.77459,11.10055,2019-12-13T10:46:00.000Z
42.76511,11.10848,2019-12-11T13:01:22.000Z
42.76181,11.08274,2019-12-13T11:05:41.960Z
42.75851,11.12419,2019-12-10T13:25:44.000Z
42.77637,11.10025,2019-12-13T10:30:04.000Z
42.77281,11.10987,2019-12-11T12:48:12.000Z
42.75805,11.10345,2019-12-12T14:18:28.000Z
42.77721,11.10919,2019-12-11T10:27:14.000Z
42.76059,11.12304,2019-12-10T11:38:50.000Z
42.76514,11.11266,2019-12-10T10:27:54.057Z
42.78335,11.09885,2019-12-13T09:58:53.097Z
42.77116,11.09938,2019-12-13T11:53:59.000Z
42.7644,11.11021,2019-12-11T13:39:15.223Z
42.76017,11.11018,2019-12-11T14:51:55.000Z
42.77181,11.09973,2019-12-13T11:41:01.000Z
42.76556,11.11088,2019-12-11T11:17:13.347Z
42.76116,11.11308,2019-12-09T10:22:15.000Z
42.79172,11.08366,2019-12-12T09:48:02.000Z
42.76694,11.10309,2019-12-12T10:59:42.000Z
42.77494,11.11022,2019-12-11T11:43:21.000Z
42.76685,11.103,2019-12-12T10:57:31.000Z
42.77536,11.0994,2019-12-13T10:35:54.000Z
42.76025,11.1099,2019-12-11T14:48:25.763Z
42.78886,11.09668,2019-12-13T10:18:51.783Z
42.75846,11.11266,2019-12-09T11:14:09.000Z
42.71938,10.98796,2019-12-11T11:54:38.000Z
42.76355,11.11769,2019-12-10T12:33:16.357Z
42.78365,11.107,2019-12-09T10:54:58.613Z
42.7731,11.16271,2019-12-09T10:15:06.717Z
42.76293,11.10987,2019-12-11T14:15:01.210Z
42.77623,11.10112,2019-12-13T10:26:26.000Z
42.76389,11.12312,2019-12-10T12:24:48.000Z
42.77256,11.11463,2019-12-11T12:08:13.000Z
42.75681,11.11805,2019-12-10T11:52:21.000Z
42.75949,11.09634,2019-12-13T13:04:24.000Z
42.7784,11.10368,2019-12-11T11:01:12.000Z
42.78167,11.12116,2019-12-10T12:18:31.000Z
42.76754,11.108,2019-12-11T11:59:47.000Z
42.76991,11.11398,2019-12-12T14:41:10.000Z
42.75835,11.10005,2019-12-13T14:34:14.000Z
42.78185,11.12317,2019-12-10T12:26:21.000Z
42.75906,11.11372,2019-12-09T10:42:31.000Z
42.7623,11.08033,2019-12-13T11:02:55.000Z
42.76149,11.12834,2019-12-10T10:25:03.000Z
42.79538,11.09199,2019-12-13T10:43:29.000Z
42.77073,11.10778,2019-12-11T10:05:03.877Z
42.7618,11.09283,2019-12-13T10:41:21.000Z
42.88145,11.07447,2019-12-12T12:27:54.000Z
42.77277,11.11761,2019-12-11T13:42:44.000Z
42.75676,11.12091,2019-12-10T13:58:09.000Z
42.75917,11.12549,2019-12-10T12:57:20.000Z
42.76417,11.11631,2019-12-10T11:43:25.000Z
42.77071,11.10785,2019-12-11T10:05:52.657Z
42.7606,11.09462,2019-12-13T12:14:39.000Z
42.75545,11.02935,2019-12-12T11:11:17.000Z
42.77316,11.16663,2019-12-09T10:10:26.000Z
42.75965,11.12515,2019-12-10T12:50:50.000Z
42.7825,11.18717,2019-12-09T10:48:30.000Z
42.76136,11.12718,2019-12-10T10:17:49.000Z
42.7673,11.10755,2019-12-11T12:27:55.000Z
42.78216,11.19069,2019-12-09T11:17:25.000Z
42.76786,11.1,2019-12-13T10:10:36.590Z
42.76531,11.101,2019-12-13T13:36:11.000Z
42.75714,11.09547,2019-12-13T13:08:50.000Z
42.75345,11.11385,2019-12-13T10:50:34.000Z
42.73138,10.97876,2019-12-12T12:21:49.000Z
42.7635,11.1217,2019-12-10T13:06:34.727Z
42.86743,11.16608,2019-12-11T13:52:04.000Z
42.79946,11.10353,2019-12-11T11:39:33.637Z
42.76522,11.10108,2019-12-13T13:33:33.000Z
42.81315,11.0311,2019-12-12T11:00:23.000Z
42.77439,11.10575,2019-12-11T11:08:01.000Z
42.76211,11.12866,2019-12-10T10:32:20.000Z
42.75865,11.11143,2019-12-09T10:56:24.000Z
42.75961,11.09197,2019-12-13T15:00:57.000Z
42.79059,11.08181,2019-12-12T10:10:19.000Z
42.72405,10.99578,2019-12-12T12:41:46.000Z
42.75837,11.12619,2019-12-10T13:18:17.000Z
42.77351,11.09685,2019-12-13T12:02:07.000Z
42.75786,11.12212,2019-12-10T13:51:44.000Z
42.81192,11.0698,2019-12-12T10:44:40.000Z
42.71797,10.9838,2019-12-11T12:50:09.000Z
42.8267,11.16762,2019-12-11T12:47:41.000Z
42.77219,11.09925,2019-12-13T11:33:48.000Z
42.77858,11.11426,2019-12-09T13:21:41.000Z
42.75972,11.11266,2019-12-09T10:48:16.000Z
42.77698,11.119,2019-12-10T11:02:29.000Z
42.76731,11.09895,2019-12-13T10:28:20.043Z
42.76148,11.12832,2019-12-10T10:23:43.247Z
42.78088,11.18481,2019-12-09T11:51:09.000Z
42.7768,11.10431,2019-12-11T10:53:25.000Z
42.76405,11.10393,2019-12-12T12:10:21.780Z
42.75282,11.11889,2019-12-10T12:12:18.747Z
42.7823,11.11783,2019-12-10T13:00:45.000Z
42.72782,10.99995,2019-12-12T12:29:43.000Z
42.77672,11.08337,2019-12-13T09:35:41.000Z
42.78241,11.11708,2019-12-10T13:07:27.653Z
42.72259,10.97727,2019-12-11T13:20:57.000Z
42.77183,11.11413,2019-12-11T12:38:41.000Z
42.75228,11.11895,2019-12-10T12:15:28.000Z
42.75961,11.11547,2019-12-09T12:23:27.310Z
42.76208,11.11565,2019-12-09T12:59:37.000Z
42.76535,11.11982,2019-12-10T11:18:56.953Z
42.75546,11.1201,2019-12-10T14:04:47.000Z
42.78017,11.11119,2019-12-09T11:10:39.000Z
42.78575,11.09902,2019-12-13T08:59:59.000Z
42.76287,11.10778,2019-12-11T14:18:30.643Z
42.77526,11.10126,2019-12-13T10:14:46.000Z
42.79882,11.09469,2019-12-13T10:29:56.000Z
42.7577,11.11406,2019-12-09T11:22:06.000Z
42.71886,10.98083,2019-12-11T13:25:07.000Z
42.76493,11.10891,2019-12-11T13:08:35.597Z
42.76067,11.09299,2019-12-13T12:01:35.000Z
42.7809,11.17972,2019-12-09T10:26:00.000Z
42.76226,11.1131,2019-12-09T11:45:10.000Z
42.76038,11.12364,2019-12-10T11:46:10.000Z
42.7354,10.97001,2019-12-12T12:55:46.000Z
42.77058,11.04453,2019-12-12T10:59:07.000Z
42.77158,11.09687,2019-12-13T13:25:07.000Z
42.7777,11.0983,2019-12-13T11:37:53.000Z
42.71738,10.98433,2019-12-11T12:55:51.000Z
42.76084,11.11251,2019-12-09T11:32:59.000Z
42.76153,11.09575,2019-12-13T10:34:31.000Z
42.76101,11.09889,2019-12-13T12:47:10.000Z
42.74504,10.9498,2019-12-12T13:14:59.000Z
42.76313,11.11284,2019-12-09T10:09:42.000Z
42.77094,11.11665,2019-12-11T12:21:28.000Z
42.76676,11.11409,2019-12-12T11:25:28.407Z
42.76096,11.09497,2019-12-13T10:40:40.000Z
42.7585,11.12168,2019-12-10T13:39:06.000Z
42.78307,11.09877,2019-12-13T09:59:32.943Z
42.77322,11.11042,2019-12-11T12:42:44.000Z
42.76681,11.10312,2019-12-12T11:12:53.353Z
42.77576,11.10495,2019-12-11T10:39:11.000Z
42.7723,11.11234,2019-12-11T13:05:13.000Z
42.77328,11.10154,2019-12-13T11:16:26.000Z
42.76111,11.09285,2019-12-13T11:56:14.000Z
42.75774,11.11386,2019-12-09T11:16:58.000Z
42.76979,11.09896,2019-12-13T12:24:40.000Z
42.78632,11.10271,2019-12-09T10:16:02.000Z
42.75568,11.12008,2019-12-10T13:59:42.000Z
42.753,11.01001,2019-12-12T11:52:32.000Z
42.75958,11.11466,2019-12-09T12:46:37.000Z
42.77428,11.10851,2019-12-11T11:16:50.000Z
42.78884,11.097,2019-12-13T10:22:31.000Z
42.75548,11.11177,2019-12-13T10:40:55.627Z
42.75636,11.11873,2019-12-10T14:11:07.287Z
42.78143,11.11977,2019-12-10T12:14:13.000Z
42.76991,11.09977,2019-12-13T12:10:12.000Z
42.77525,11.10987,2019-12-11T11:30:39.000Z
42.78807,11.09808,2019-12-13T10:04:21.000Z
42.77943,11.17658,2019-12-09T10:23:25.000Z
42.75567,11.11995,2019-12-10T13:56:18.000Z
42.75306,11.00979,2019-12-12T11:52:08.000Z
42.7679,11.11756,2019-12-12T12:13:19.000Z
42.76591,11.10819,2019-12-11T12:41:44.703Z
42.7623,11.12474,2019-12-10T12:35:31.073Z
42.76,11.11556,2019-12-09T10:33:46.000Z
42.75256,11.09739,2019-12-13T14:10:37.000Z
42.80919,11.03731,2019-12-12T10:55:33.000Z
42.86787,11.16699,2019-12-11T14:11:49.060Z
42.77026,11.10135,2019-12-13T13:15:55.000Z
42.81337,11.11358,2019-12-11T11:17:37.507Z
42.76032,11.12027,2019-12-10T11:13:18.000Z
42.7751,11.10131,2019-12-13T10:18:22.000Z
42.76846,11.10009,2019-12-13T12:40:26.000Z
42.79129,11.09264,2019-12-13T10:34:20.350Z
42.75103,11.09693,2019-12-13T14:57:50.857Z
42.76208,11.10223,2019-12-12T10:24:51.003Z
42.76189,11.12239,2019-12-10T11:06:18.000Z
42.7831,11.09761,2019-12-13T09:38:53.000Z
42.77853,11.11418,2019-12-12T14:59:54.063Z
42.77029,11.10269,2019-12-13T13:06:34.000Z
42.758,11.12474,2019-12-10T13:23:27.000Z
42.76085,11.11495,2019-12-09T11:58:14.000Z
42.75999,11.11666,2019-12-09T12:55:43.000Z
42.71667,10.98577,2019-12-11T11:42:37.000Z
42.75492,11.11445,2019-12-13T11:20:41.000Z
42.78054,11.11642,2019-12-10T10:41:22.000Z
42.77038,11.10031,2019-12-13T12:12:43.000Z
42.76674,11.10018,2019-12-13T13:28:21.000Z
42.74494,10.99731,2019-12-12T12:06:19.000Z
42.76499,11.12239,2019-12-10T13:26:48.517Z
42.77676,11.10037,2019-12-13T10:33:11.000Z
42.78225,11.18882,2019-12-09T11:23:40.000Z
42.75987,11.11211,2019-12-09T10:50:22.000Z
42.76273,11.12697,2019-12-10T10:48:22.000Z
42.75998,11.11496,2019-12-09T12:35:27.000Z
42.7154,10.98315,2019-12-11T12:20:04.000Z
42.77938,11.1145,2019-12-10T10:05:57.000Z
42.76379,11.11179,2019-12-11T13:44:47.000Z
42.75413,11.12102,2019-12-10T13:51:54.000Z
42.86523,11.05329,2019-12-12T12:13:40.000Z
42.75602,11.12122,2019-12-10T14:19:35.000Z
42.76843,11.12968,2019-12-10T10:40:34.000Z
42.76617,11.10494,2019-12-12T11:42:17.000Z
42.7781,11.10038,2019-12-12T09:51:03.000Z
42.76062,11.11891,2019-12-10T12:59:00.000Z
42.7699,11.11641,2019-12-12T12:23:39.000Z
42.7153,10.98483,2019-12-11T12:31:19.000Z
42.77049,11.09548,2019-12-13T12:52:22.000Z
42.78207,11.12224,2019-12-10T12:30:17.270Z
42.77212,11.11508,2019-12-11T12:10:46.000Z
42.78338,11.1902,2019-12-09T10:58:20.000Z
42.75852,11.08864,2019-12-13T14:54:12.000Z
42.77316,11.0613,2019-12-12T10:29:56.000Z
42.78879,11.09404,2019-12-13T09:48:19.000Z
42.82225,11.0954,2019-12-13T11:17:23.000Z
42.7608,11.12181,2019-12-10T11:27:10.000Z
42.77949,11.18506,2019-12-09T12:11:24.000Z
42.78393,11.10875,2019-12-09T12:44:20.407Z
42.76917,11.09948,2019-12-13T12:36:37.727Z
42.77672,11.11525,2019-12-10T09:42:08.000Z
42.7689,11.10285,2019-12-13T12:54:37.000Z
42.7726,11.09469,2019-12-13T12:11:41.000Z
42.76562,11.10547,2019-12-12T11:28:12.937Z
42.78572,11.11153,2019-12-09T13:35:45.007Z
42.76142,11.11535,2019-12-09T11:52:25.000Z
42.76884,11.10316,2019-12-13T13:00:01.000Z
42.77898,11.11414,2019-12-10T10:00:54.000Z
42.76947,11.10049,2019-12-13T12:21:07.000Z
42.77924,11.183,2019-12-09T10:30:49.000Z
42.76147,11.12799,2019-12-10T10:21:07.000Z
42.76374,11.11121,2019-12-11T13:58:06.000Z
42.76416,11.10391,2019-12-12T12:13:59.000Z
42.77462,11.11119,2019-12-11T11:45:19.000Z
42.77861,11.12075,2019-12-10T11:34:10.000Z
42.75815,11.11644,2019-12-10T13:35:14.000Z
42.78099,11.10338,2019-12-09T10:35:08.000Z
42.76626,11.11269,2019-12-12T11:18:16.657Z
42.9187,10.76164,2019-12-12T12:47:14.337Z
42.86734,11.16638,2019-12-11T13:53:00.000Z
42.80404,11.07259,2019-12-12T10:35:05.000Z
42.77004,11.09505,2019-12-13T13:00:02.000Z
42.78951,11.09199,2019-12-12T09:38:14.000Z
42.75996,11.11498,2019-12-09T12:44:03.067Z
42.82436,11.13593,2019-12-11T12:31:19.000Z
42.75969,11.11374,2019-12-09T10:31:08.000Z
42.77697,11.09889,2019-12-13T10:57:21.000Z
42.74371,10.9587,2019-12-12T13:02:31.727Z
42.77391,11.09739,2019-12-13T12:13:37.000Z
42.78021,11.11129,2019-12-09T11:05:27.000Z
42.77277,11.1174,2019-12-09T09:45:34.000Z
42.77116,11.11328,2019-12-12T14:13:15.407Z
42.75296,11.09785,2019-12-13T14:09:26.000Z
42.76061,11.11258,2019-12-09T11:30:20.000Z
42.75986,11.11516,2019-12-09T12:17:38.000Z
42.7784,11.07117,2019-12-12T10:09:04.000Z
42.76189,11.09282,2019-12-13T10:44:19.000Z
42.768,11.11658,2019-12-12T11:54:23.000Z
42.93386,10.76867,2019-12-12T16:18:13.487Z
42.77055,11.11655,2019-12-11T12:27:54.000Z
42.77462,11.09983,2019-12-13T10:38:53.000Z
42.76493,11.10853,2019-12-12T10:36:43.000Z
42.77837,11.11421,2019-12-12T14:27:02.000Z
42.78115,11.12018,2019-12-10T12:11:28.000Z
42.77512,11.09045,2019-12-13T11:09:30.000Z
42.77232,11.09562,2019-12-13T12:22:34.000Z
42.77083,11.10761,2019-12-12T10:17:22.350Z
42.76627,11.11281,2019-12-12T11:20:31.193Z
42.76382,11.11226,2019-12-09T10:03:10.183Z
42.77508,11.09772,2019-12-13T11:04:27.000Z
42.76081,11.09999,2019-12-13T12:34:02.000Z
42.75079,11.12334,2019-12-10T12:19:14.000Z
42.79544,11.07298,2019-12-12T10:23:39.487Z
42.77547,11.10169,2019-12-13T10:14:09.867Z
42.76714,11.09887,2019-12-13T10:23:48.000Z
42.76086,11.12088,2019-12-10T10:05:20.000Z
42.77011,11.09858,2019-12-13T12:27:10.000Z
42.77601,11.12048,2019-12-10T11:07:18.000Z
42.78557,11.0991,2019-12-10T09:44:25.000Z
42.78884,11.12448,2019-12-11T09:54:53.550Z
42.77533,11.10657,2019-12-11T10:45:08.000Z
42.77856,11.11422,2019-12-12T14:40:39.000Z
42.77792,11.1152,2019-12-10T09:52:21.000Z
42.75964,11.12531,2019-12-10T12:57:42.000Z
42.75437,11.12262,2019-12-10T13:40:22.000Z
42.76747,11.11601,2019-12-12T11:41:56.330Z
42.71688,10.98458,2019-12-11T12:59:20.000Z
42.75019,11.12117,2019-12-10T12:34:12.000Z
42.78338,11.18991,2019-12-09T10:38:22.177Z
42.75611,11.11801,2019-12-10T14:11:51.000Z
42.7653,11.10866,2019-12-11T12:58:46.427Z
42.77273,11.09685,2019-12-13T12:15:33.000Z
42.77411,11.10264,2019-12-13T11:01:29.000Z
42.7505,11.12096,2019-12-10T12:28:25.793Z
42.76889,11.11123,2019-12-11T10:32:27.000Z
42.75905,11.12562,2019-12-10T12:57:19.000Z
42.7684,11.1023,2019-12-13T12:53:47.000Z
42.76978,11.11597,2019-12-11T13:12:30.000Z
42.8974,11.0928,2019-12-12T12:35:41.000Z
42.77349,11.10652,2019-12-11T10:21:42.000Z
42.77453,11.11001,2019-12-11T11:26:25.000Z
42.75935,11.09941,2019-12-13T13:27:08.120Z
42.77745,11.11522,2019-12-10T09:47:06.000Z
42.7159,10.98547,2019-12-11T13:13:31.000Z
42.75862,11.11247,2019-12-09T11:12:37.827Z
42.76636,11.11272,2019-12-12T11:25:53.083Z
42.76519,11.11254,2019-12-10T10:34:16.000Z
42.75101,11.11896,2019-12-10T12:39:50.000Z
42.75096,11.1209,2019-12-10T12:23:15.000Z
42.77561,11.10637,2019-12-11T10:44:57.000Z
42.76691,11.14351,2019-12-09T10:22:01.000Z
42.76059,11.11887,2019-12-10T13:00:14.000Z
42.76982,11.11644,2019-12-12T12:22:09.000Z
42.75922,11.11864,2019-12-10T13:15:32.073Z
42.77998,11.11143,2019-12-09T11:17:35.203Z
42.75926,11.11487,2019-12-09T12:48:42.000Z
42.76006,11.11571,2019-12-09T12:26:09.000Z
42.78127,11.1865,2019-12-09T11:27:50.000Z
42.78287,11.1924,2019-12-09T10:58:25.000Z
42.76453,11.10846,2019-12-12T10:32:13.533Z
42.76738,11.10966,2019-12-11T11:45:21.270Z
42.77059,11.10117,2019-12-13T09:54:13.000Z
42.76566,11.10844,2019-12-11T12:43:20.000Z
42.78268,11.11014,2019-12-09T12:35:14.300Z
42.91994,10.7652,2019-12-13T12:02:30.743Z
42.76582,11.10251,2019-12-12T09:56:07.000Z
42.74855,11.12157,2019-12-13T10:48:24.000Z
42.76099,11.09891,2019-12-13T12:45:53.553Z
42.78577,11.09901,2019-12-13T09:32:40.000Z
42.7706,11.11758,2019-12-11T12:25:16.000Z
42.76332,11.11247,2019-12-09T10:06:31.000Z
42.75637,11.11878,2019-12-10T14:13:13.000Z
42.76454,11.11197,2019-12-11T10:52:04.000Z
42.77793,11.09833,2019-12-13T11:40:20.000Z
42.7718,11.10069,2019-12-13T09:39:21.000Z
42.79161,11.08776,2019-12-12T09:39:04.000Z
42.77431,11.10865,2019-12-11T11:20:10.000Z
42.76794,11.11991,2019-12-10T13:35:44.900Z
42.78545,11.09836,2019-12-13T10:07:48.000Z
42.78028,11.11117,2019-12-09T11:07:38.000Z
42.75531,11.11547,2019-12-13T11:39:11.153Z
42.77512,11.10131,2019-12-13T10:19:04.000Z
42.76126,11.09695,2019-12-13T12:48:38.000Z
42.78108,11.18407,2019-12-09T11:54:17.000Z
42.75868,11.10006,2019-12-13T13:32:49.990Z
42.78306,11.09906,2019-12-13T09:55:59.000Z
42.77399,11.16265,2019-12-09T10:16:22.000Z
42.77072,11.10774,2019-12-11T10:01:00.000Z
42.76221,11.10949,2019-12-11T14:27:31.000Z
42.89549,11.091,2019-12-12T12:31:26.000Z
42.75603,11.11698,2019-12-10T11:58:46.000Z
42.77356,11.09717,2019-12-13T11:03:04.000Z
42.85433,11.06244,2019-12-12T12:01:19.000Z
42.81466,11.02666,2019-12-12T11:01:00.000Z
42.71799,10.98371,2019-12-11T12:45:21.000Z
42.75925,11.12377,2019-12-10T13:36:10.000Z
42.76184,11.11203,2019-12-09T11:36:32.000Z
42.91911,10.76506,2019-12-12T11:37:38.470Z
42.77689,11.11995,2019-12-10T11:29:04.000Z
42.75898,11.12776,2019-12-10T13:14:05.000Z
42.75682,11.12083,2019-12-10T13:59:31.000Z
42.76138,11.12711,2019-12-10T10:16:09.000Z
42.76186,11.1229,2019-12-10T11:04:46.000Z
42.77192,11.0974,2019-12-13T13:20:05.000Z
42.78945,11.09624,2019-12-13T10:18:02.000Z
42.8209,11.0574,2019-12-12T11:43:11.000Z
42.80974,11.12181,2019-12-11T10:54:36.437Z
42.72172,10.97951,2019-12-11T13:16:46.000Z
42.7709,11.09952,2019-12-13T11:56:50.000Z
42.75937,11.1178,2019-12-10T13:55:54.620Z
42.76881,11.0935,2019-12-13T13:02:37.000Z
42.81982,11.13411,2019-12-11T14:34:21.000Z
42.78817,11.09868,2019-12-13T10:06:27.460Z
42.7608,11.12202,2019-12-10T11:29:13.000Z
42.9191,10.76504,2019-12-12T11:37:23.193Z
42.75207,11.11946,2019-12-10T12:17:12.000Z
42.78247,11.10549,2019-12-09T10:11:53.740Z
42.71602,10.98433,2019-12-11T12:32:50.000Z
42.76983,11.11485,2019-12-12T13:48:48.000Z
42.76214,11.12749,2019-12-10T10:56:52.000Z
42.79067,11.08169,2019-12-12T10:02:26.000Z
42.77698,11.06508,2019-12-12T10:13:08.000Z
42.76128,11.12093,2019-12-10T10:06:29.000Z
