43.89406,11.08305,2019-12-16T16:47:52.000Z
0,0,2019-12-16T00:00:00.000Z
43.87042,11.10902,2019-12-20T12:53:50.000Z
43.89936,11.08812,2019-12-20T13:19:33.930Z
43.82249,11.12289,2019-12-19T13:16:08.007Z
43.84601,11.20984,2019-12-19T12:12:06.000Z
43.84659,11.11153,2019-12-17T10:56:43.000Z
43.87034,11.08707,2019-12-18T11:43:02.357Z
43.86586,11.112,2019-12-17T11:45:26.607Z
43.88921,11.08017,2019-12-17T14:09:35.967Z
43.86624,11.14252,2019-12-20T11:15:11.000Z
43.87223,11.09251,2019-12-18T15:08:38.877Z
43.86491,11.09479,2019-12-20T12:58:16.000Z
43.86269,11.08503,2019-12-17T17:37:55.000Z
43.91188,11.02365,2019-12-16T09:18:19.553Z
43.85999,11.1123,2019-12-16T13:49:46.097Z
43.88964,11.07888,2019-12-17T14:35:29.000Z
43.88954,11.09222,2019-12-18T12:21:48.187Z
43.86485,11.11157,2019-12-17T11:31:52.000Z
43.80665,11.16703,2019-12-18T09:45:50.000Z
43.88049,11.10432,2019-12-20T15:00:04.547Z
43.84211,11.09151,2019-12-17T11:16:22.000Z
43.83659,11.2176,2019-12-19T08:22:13.000Z
43.82193,11.21695,2019-12-18T09:12:39.973Z
43.84854,11.12005,2019-12-17T11:09:31.000Z
43.81261,11.17488,2019-12-18T13:17:03.000Z
43.90758,11.03149,2019-12-19T10:58:27.000Z
43.89543,11.18589,2019-12-17T12:08:03.000Z
43.87142,11.08209,2019-12-18T11:52:53.000Z
43.84064,11.19582,2019-12-16T08:51:41.237Z
43.83966,11.17867,2019-12-20T13:41:11.000Z
43.81318,11.05405,2019-12-17T12:04:17.000Z
43.84118,11.04561,2019-12-18T10:47:55.627Z
43.87724,11.10353,2019-12-20T12:31:08.987Z
43.84062,11.08267,2019-12-17T10:59:58.260Z
43.89223,11.09694,2019-12-18T11:25:36.067Z
43.87469,11.10662,2019-12-20T10:21:35.000Z
43.81206,11.1717,2019-12-18T13:31:43.000Z
43.87568,11.10433,2019-12-20T11:16:37.000Z
43.84477,11.19215,2019-12-19T14:18:52.000Z
43.83809,11.21469,2019-12-17T13:56:55.000Z
43.83483,11.19771,2019-12-17T15:51:10.857Z
43.89034,11.10656,2019-12-20T10:36:31.000Z
43.8772,11.10414,2019-12-20T13:40:32.000Z
43.86353,11.03614,2019-12-20T11:24:10.473Z
43.90456,11.06971,2019-12-19T15:46:00.157Z
43.80931,11.17241,2019-12-18T14:04:52.000Z
43.89648,11.06323,2019-12-16T09:11:18.717Z
43.8932,11.07781,2019-12-17T16:23:28.000Z
43.93093,11.02955,2019-12-18T15:20:02.473Z
43.8679,11.09532,2019-12-20T09:57:58.000Z
43.80578,11.18592,2019-12-18T11:11:09.000Z
43.86463,11.17228,2019-12-17T11:41:16.810Z
43.86112,11.15414,2019-12-16T10:17:57.000Z
43.89207,11.10757,2019-12-20T10:25:42.000Z
43.88145,11.0664,2019-12-19T08:46:48.603Z
43.92291,11.09093,2019-12-16T12:48:50.597Z
43.8739,11.10764,2019-12-20T10:00:51.000Z
43.86082,11.15568,2019-12-16T13:30:38.000Z
43.90673,11.03323,2019-12-16T10:30:51.870Z
43.81462,11.14462,2019-12-20T10:37:37.000Z
43.86722,11.12793,2019-12-19T09:03:55.783Z
43.81139,11.06002,2019-12-17T15:23:34.000Z
43.88215,11.03815,2019-12-17T12:58:27.000Z
43.84332,11.18694,2019-12-19T14:34:19.000Z
43.83679,11.21124,2019-12-17T11:47:41.000Z
43.87255,11.11208,2019-12-20T09:39:07.000Z
43.85828,11.18022,2019-12-19T16:22:23.280Z
43.81182,11.17862,2019-12-18T13:03:07.000Z
43.84333,11.19535,2019-12-19T10:13:50.000Z
43.84277,11.18644,2019-12-19T14:37:03.000Z
43.87301,11.10847,2019-12-20T08:44:54.000Z
43.86697,11.11256,2019-12-17T13:15:59.000Z
43.87902,11.06732,2019-12-19T08:39:02.827Z
43.8948,11.06675,2019-12-20T11:21:57.000Z
43.86768,11.05168,2019-12-20T14:10:29.510Z
43.87962,11.10993,2019-12-19T13:22:11.483Z
43.89056,11.08764,2019-12-16T12:55:34.937Z
43.87678,11.11613,2019-12-19T10:55:12.000Z
43.89047,11.06463,2019-12-17T09:17:27.000Z
43.85657,10.99058,2019-12-17T19:28:42.000Z
43.86273,11.08502,2019-12-17T17:25:45.000Z
43.86526,11.08662,2019-12-19T07:52:56.000Z
43.86943,11.11056,2019-12-20T13:22:00.563Z
43.83694,11.19802,2019-12-17T08:33:13.597Z
43.85827,11.11578,2019-12-19T13:04:18.000Z
43.86742,11.11306,2019-12-17T11:53:59.497Z
43.8664,11.1045,2019-12-17T15:39:45.000Z
43.83967,11.17975,2019-12-20T14:04:29.000Z
43.83518,11.19506,2019-12-18T12:25:31.487Z
43.86584,11.09446,2019-12-20T11:27:01.000Z
43.89367,11.0833,2019-12-18T14:55:55.213Z
43.87138,11.10336,2019-12-16T14:11:33.000Z
43.81115,11.06017,2019-12-17T15:25:27.000Z
43.79116,11.26673,2019-12-19T09:35:29.000Z
43.84268,11.20044,2019-12-19T11:10:54.000Z
43.87283,11.11157,2019-12-20T09:25:48.000Z
43.8492,11.09752,2019-12-17T13:32:06.000Z
43.8617,11.16933,2019-12-16T15:57:14.000Z
43.88338,11.09725,2019-12-20T10:16:18.233Z
43.85499,11.15951,2019-12-16T12:55:15.000Z
43.86957,11.10919,2019-12-20T12:58:09.000Z
43.84162,11.19771,2019-12-19T10:50:10.000Z
43.84253,11.20016,2019-12-19T11:07:22.000Z
43.86835,11.11214,2019-12-20T11:15:35.000Z
43.88647,11.05449,2019-12-19T14:54:35.970Z
43.86228,11.08132,2019-12-18T14:42:51.287Z
43.90456,11.09393,2019-12-16T14:27:01.120Z
43.8052,11.0606,2019-12-20T15:24:28.767Z
43.83484,11.19771,2019-12-17T15:52:40.097Z
43.84951,11.16934,2019-12-19T15:39:13.087Z
43.89973,11.04491,2019-12-16T10:27:19.000Z
43.91538,11.22457,2019-12-17T11:25:53.000Z
43.87503,11.10205,2019-12-16T11:02:06.377Z
43.87384,11.11104,2019-12-20T11:26:36.000Z
43.90714,11.03282,2019-12-20T14:42:57.820Z
43.86016,11.15095,2019-12-16T10:44:59.000Z
43.80662,11.16701,2019-12-18T09:48:08.000Z
43.92435,11.05863,2019-12-18T11:30:21.397Z
43.87304,11.10088,2019-12-16T10:31:54.087Z
43.81219,11.17163,2019-12-18T13:44:55.000Z
43.80648,11.17765,2019-12-18T10:16:13.910Z
43.86093,11.10921,2019-12-17T10:41:27.000Z
43.85418,11.09859,2019-12-19T15:19:53.000Z
43.87997,11.09533,2019-12-16T15:23:42.187Z
43.94215,11.20593,2019-12-17T13:47:03.100Z
43.80309,11.17437,2019-12-18T10:26:07.000Z
43.80532,11.18164,2019-12-18T11:21:43.000Z
43.89967,11.08852,2019-12-16T16:47:08.000Z
43.87935,11.05815,2019-12-19T09:52:08.470Z
43.83958,11.20541,2019-12-17T09:15:08.000Z
43.88398,11.04252,2019-12-17T08:08:53.000Z
43.86736,11.10591,2019-12-18T09:18:16.740Z
43.87172,11.08353,2019-12-18T11:47:17.000Z
43.84153,11.19354,2019-12-19T09:45:26.000Z
43.89479,11.18209,2019-12-17T15:00:47.000Z
43.87663,11.04084,2019-12-17T12:10:18.000Z
43.87248,11.09224,2019-12-18T11:43:41.067Z
43.84249,11.20328,2019-12-19T12:03:34.000Z
43.88189,11.1041,2019-12-20T12:53:45.517Z
43.84338,11.20156,2019-12-17T11:21:41.000Z
43.875,11.04411,2019-12-17T11:53:57.000Z
43.87428,11.11015,2019-12-20T11:29:53.120Z
43.88947,11.09059,2019-12-18T16:22:38.897Z
43.87439,11.05517,2019-12-20T10:57:17.547Z
43.86483,11.12626,2019-12-20T12:26:44.743Z
43.82195,11.22058,2019-12-19T11:24:15.000Z
43.84315,11.19152,2019-12-19T13:30:30.000Z
43.85482,11.17822,2019-12-19T16:03:36.113Z
43.86079,11.15526,2019-12-16T13:28:20.000Z
43.86377,11.07843,2019-12-18T15:59:02.000Z
43.84361,11.19422,2019-12-19T10:01:21.000Z
43.8447,11.19888,2019-12-19T11:17:54.000Z
43.88163,11.10388,2019-12-20T12:50:30.000Z
43.8736,11.10487,2019-12-20T15:46:31.000Z
43.84226,11.27873,2019-12-19T10:16:45.780Z
43.81124,11.05286,2019-12-17T13:44:57.943Z
43.88081,11.10554,2019-12-20T13:24:46.550Z
43.90291,11.09684,2019-12-19T12:33:38.853Z
43.8745,11.0449,2019-12-17T12:42:39.000Z
43.82626,11.11736,2019-12-19T10:52:39.000Z
43.8709,11.09706,2019-12-20T10:52:21.000Z
43.88994,11.07428,2019-12-18T12:54:27.280Z
43.86992,11.11485,2019-12-17T12:36:25.413Z
43.84389,11.19747,2019-12-19T10:21:02.000Z
43.88264,11.03923,2019-12-17T09:40:48.000Z
43.83689,11.13235,2019-12-20T11:30:52.937Z
43.85835,11.07881,2019-12-18T15:15:18.000Z
43.8413,11.21027,2019-12-19T12:34:07.000Z
43.88179,11.10981,2019-12-19T12:35:33.000Z
43.88403,11.0877,2019-12-18T16:10:15.713Z
43.83493,11.17881,2019-12-20T12:52:21.000Z
43.87103,11.11174,2019-12-20T10:44:40.000Z
43.85817,11.15797,2019-12-17T15:12:38.000Z
43.84202,11.18612,2019-12-17T08:13:44.260Z
43.87735,11.02143,2019-12-17T10:36:19.000Z
43.85572,11.05355,2019-12-16T12:49:50.170Z
43.84667,11.11147,2019-12-17T11:00:21.000Z
43.85559,11.05332,2019-12-16T12:26:01.480Z
43.87889,11.11182,2019-12-19T13:13:56.000Z
43.86462,11.14364,2019-12-20T10:22:41.000Z
43.86462,11.16939,2019-12-17T11:16:06.000Z
43.87648,11.10508,2019-12-20T10:43:40.000Z
43.87637,11.10919,2019-12-20T11:26:37.000Z
43.83366,11.13003,2019-12-17T16:40:35.000Z
43.92714,11.03033,2019-12-19T13:28:09.000Z
43.87084,11.1148,2019-12-20T08:05:38.000Z
43.85549,11.15793,2019-12-16T13:14:12.000Z
43.92999,11.02908,2019-12-19T13:43:39.000Z
43.90804,11.03091,2019-12-19T11:10:24.000Z
43.90453,11.07044,2019-12-16T08:33:26.000Z
43.89184,11.07171,2019-12-16T14:20:56.903Z
43.81406,11.14383,2019-12-20T10:45:18.310Z
43.84956,11.11116,2019-12-19T12:00:42.520Z
43.8626,11.08503,2019-12-17T17:21:18.000Z
43.84129,11.19289,2019-12-19T09:45:05.000Z
43.84081,11.19186,2019-12-19T13:11:13.000Z
43.85956,11.15413,2019-12-16T13:28:17.000Z
43.90577,11.04557,2019-12-20T12:10:05.637Z
43.84058,11.11469,2019-12-20T08:23:03.000Z
43.88507,11.09712,2019-12-18T15:28:23.443Z
43.82795,11.21227,2019-12-19T12:12:55.000Z
43.87154,11.07261,2019-12-18T12:29:11.000Z
43.92536,11.03873,2019-12-18T14:22:43.267Z
43.84293,11.11448,2019-12-17T16:08:26.000Z
43.86458,11.11181,2019-12-17T11:36:34.633Z
43.85389,11.15844,2019-12-17T12:30:53.000Z
43.86039,11.15705,2019-12-16T12:11:15.000Z
43.87221,11.09359,2019-12-17T11:29:55.920Z
43.87049,11.09113,2019-12-18T15:41:21.767Z
43.90295,11.0814,2019-12-19T15:09:35.863Z
43.84108,11.11415,2019-12-19T13:37:02.000Z
43.87999,11.10489,2019-12-20T14:53:36.000Z
43.84613,11.1978,2019-12-19T11:30:39.000Z
43.86379,11.07999,2019-12-18T15:48:31.487Z
43.89609,11.18473,2019-12-17T12:12:49.000Z
43.86751,11.10636,2019-12-20T12:36:15.000Z
43.89895,11.06469,2019-12-19T15:11:57.013Z
43.84289,11.1145,2019-12-17T16:12:32.000Z
43.91722,11.19793,2019-12-17T12:43:47.000Z
43.86755,11.08678,2019-12-19T16:38:03.607Z
43.88195,11.11021,2019-12-19T11:55:02.997Z
43.88821,11.04164,2019-12-17T08:55:25.453Z
43.90325,11.09418,2019-12-16T14:57:06.630Z
43.87225,11.04952,2019-12-19T14:42:00.857Z
43.83539,11.1973,2019-12-17T15:55:53.867Z
43.80572,11.18233,2019-12-18T11:32:33.000Z
43.84944,11.09832,2019-12-19T15:57:13.960Z
43.83961,11.18111,2019-12-20T14:08:00.000Z
43.86982,11.12367,2019-12-19T09:35:19.000Z
43.87788,11.0553,2019-12-19T10:48:07.000Z
43.866,11.16731,2019-12-17T15:47:49.903Z
43.87437,11.11022,2019-12-20T11:32:22.707Z
43.84305,11.19699,2019-12-19T10:34:32.000Z
43.87103,11.09851,2019-12-16T11:46:46.857Z
43.85861,11.15836,2019-12-17T14:55:27.760Z
43.91694,11.03085,2019-12-19T10:56:36.263Z
43.83595,11.19285,2019-12-17T17:09:57.053Z
43.86732,11.11067,2019-12-17T14:35:49.000Z
43.86171,11.15322,2019-12-16T10:36:16.000Z
43.83162,11.0628,2019-12-17T10:48:41.000Z
43.89503,11.09873,2019-12-20T12:43:36.173Z
43.83374,11.20652,2019-12-17T10:25:39.000Z
43.90503,11.07017,2019-12-20T12:39:21.000Z
43.87953,11.09464,2019-12-16T15:07:12.157Z
43.87592,11.03906,2019-12-17T10:57:09.000Z
43.89607,11.18372,2019-12-17T14:37:35.000Z
43.84533,11.09644,2019-12-19T13:43:21.000Z
43.90424,11.09999,2019-12-16T15:18:41.810Z
43.87038,11.09693,2019-12-20T10:54:34.000Z
43.85373,11.09993,2019-12-19T15:08:55.000Z
43.86814,11.15931,2019-12-16T11:38:33.000Z
43.90676,11.05175,2019-12-20T11:48:19.000Z
43.8551,11.0855,2019-12-19T08:40:28.000Z
43.87038,11.09083,2019-12-18T15:44:36.117Z
43.81251,11.18244,2019-12-18T12:46:24.000Z
43.89855,11.04975,2019-12-19T15:52:44.083Z
43.90872,11.06799,2019-12-20T14:04:15.000Z
43.83495,11.19376,2019-12-17T15:04:46.833Z
43.88572,11.04517,2019-12-17T09:04:48.217Z
43.83429,11.13219,2019-12-18T08:26:25.000Z
43.85524,11.17425,2019-12-17T10:14:18.000Z
43.81569,11.05774,2019-12-17T11:39:34.670Z
43.86643,11.12906,2019-12-20T08:15:54.400Z
43.85109,11.10263,2019-12-19T16:37:18.000Z
43.90944,11.06357,2019-12-20T14:07:29.000Z
43.91875,11.05616,2019-12-20T11:03:40.000Z
43.86966,11.09068,2019-12-18T15:56:51.600Z
43.81154,11.17689,2019-12-18T13:10:29.000Z
43.84282,11.19793,2019-12-19T10:44:59.000Z
43.81417,11.05467,2019-12-17T12:01:51.260Z
43.89795,11.18495,2019-12-17T14:15:26.000Z
43.82351,11.21749,2019-12-18T09:58:09.710Z
43.87738,11.10387,2019-12-20T10:57:51.620Z
43.83589,11.18007,2019-12-20T12:53:23.000Z
43.85659,10.9906,2019-12-17T19:31:08.000Z
43.86635,11.11172,2019-12-17T14:53:30.000Z
43.87621,11.0599,2019-12-18T14:07:49.640Z
43.86265,11.08508,2019-12-17T17:23:12.000Z
43.89709,11.09022,2019-12-17T12:47:22.153Z
43.83561,11.18091,2019-12-20T12:46:19.000Z
43.83381,11.18533,2019-12-20T10:36:01.000Z
43.90137,11.05715,2019-12-20T14:12:44.993Z
43.8299,11.11981,2019-12-19T10:38:21.000Z
43.90532,11.09363,2019-12-16T08:01:15.000Z
43.88401,11.10353,2019-12-20T14:05:19.000Z
43.89706,11.06064,2019-12-20T13:37:49.000Z
43.90912,11.09489,2019-12-19T12:03:23.507Z
43.89669,11.06444,2019-12-16T09:13:07.017Z
43.87594,11.04165,2019-12-17T12:29:20.283Z
43.86552,11.14362,2019-12-20T10:09:42.000Z
43.83792,11.18412,2019-12-20T14:22:53.000Z
43.89755,11.09633,2019-12-17T08:41:56.440Z
43.8955,11.09798,2019-12-16T16:33:05.000Z
43.83761,11.18536,2019-12-20T14:27:01.000Z
43.85667,11.15342,2019-12-16T12:51:55.000Z
43.83203,11.2024,2019-12-17T16:22:08.457Z
43.89495,11.18309,2019-12-17T15:05:59.000Z
43.89363,11.08741,2019-12-16T14:42:25.890Z
43.92093,11.09083,2019-12-16T13:01:58.877Z
43.88897,11.10628,2019-12-20T11:47:06.713Z
43.87165,11.09476,2019-12-17T11:35:20.240Z
43.86663,11.12875,2019-12-19T08:55:28.000Z
43.86839,11.06112,2019-12-17T13:32:39.603Z
43.86194,11.16893,2019-12-16T15:42:27.000Z
43.83941,11.17845,2019-12-20T13:37:00.000Z
43.90069,11.07711,2019-12-19T13:52:24.000Z
43.85922,11.11727,2019-12-19T12:13:02.000Z
43.94431,11.21455,2019-12-17T12:57:05.000Z
43.88114,11.11047,2019-12-19T12:47:16.727Z
43.88636,11.08566,2019-12-17T13:25:58.000Z
43.86793,11.14737,2019-12-16T14:17:42.000Z
43.8632,11.06818,2019-12-17T15:08:16.000Z
43.83789,11.18423,2019-12-20T14:22:42.000Z
43.86259,11.08504,2019-12-17T17:40:05.000Z
43.8615,11.06534,2019-12-17T08:38:51.000Z
43.88166,11.04043,2019-12-17T10:19:32.847Z
43.89365,11.08822,2019-12-18T13:35:19.700Z
43.89239,11.07727,2019-12-17T16:14:21.000Z
43.92312,11.04939,2019-12-18T13:13:01.427Z
43.83387,11.18636,2019-12-20T11:01:57.000Z
43.81895,11.14613,2019-12-18T14:54:51.093Z
43.80649,11.17018,2019-12-18T10:01:21.000Z
43.83341,11.20687,2019-12-17T14:51:58.000Z
43.92151,11.03877,2019-12-18T14:09:32.400Z
43.85593,11.15111,2019-12-17T13:53:59.000Z
43.85846,11.15268,2019-12-16T13:24:32.000Z
43.89426,11.1848,2019-12-17T11:53:19.000Z
43.87045,11.09045,2019-12-19T14:32:26.717Z
43.80485,11.17399,2019-12-18T09:57:21.000Z
43.90075,11.09503,2019-12-20T11:19:48.580Z
43.93872,11.21565,2019-12-17T12:51:52.653Z
43.81133,11.06008,2019-12-17T15:27:29.000Z
43.85709,11.08338,2019-12-19T09:10:37.867Z
43.88258,11.17983,2019-12-17T10:25:16.000Z
43.81221,11.05823,2019-12-19T16:32:51.863Z
43.86029,11.11326,2019-12-16T13:46:38.460Z
43.87793,11.10343,2019-12-20T11:47:29.083Z
43.8667,11.165,2019-12-16T11:08:04.000Z
43.87625,11.05333,2019-12-19T11:50:30.000Z
43.85873,11.15188,2019-12-16T13:17:40.000Z
43.86818,11.15908,2019-12-16T11:37:09.000Z
43.87089,11.10965,2019-12-20T11:48:41.150Z
43.8979,11.08791,2019-12-20T13:26:19.620Z
43.87548,11.04117,2019-12-17T12:50:40.000Z
43.8721,11.10452,2019-12-16T15:06:06.000Z
43.88735,11.09286,2019-12-16T12:26:36.000Z
43.85752,11.1175,2019-12-19T12:54:34.000Z
43.90717,11.03093,2019-12-20T14:57:15.530Z
43.81551,11.05863,2019-12-17T11:30:19.000Z
43.84855,11.18202,2019-12-16T10:07:41.000Z
43.83014,11.20121,2019-12-18T14:00:41.993Z
43.86247,11.06746,2019-12-17T13:12:09.250Z
43.86799,11.06225,2019-12-17T14:30:59.437Z
43.82492,11.12439,2019-12-19T11:49:59.000Z
43.842,11.20925,2019-12-19T12:37:55.000Z
43.89062,11.07784,2019-12-18T13:31:08.500Z
43.86922,11.04199,2019-12-17T15:55:14.000Z
43.89058,11.07693,2019-12-17T15:27:23.000Z
43.84309,11.19166,2019-12-19T13:34:05.000Z
43.89714,11.09046,2019-12-20T13:09:04.227Z
43.93023,11.02766,2019-12-19T13:53:21.000Z
43.81448,11.17018,2019-12-18T13:53:43.000Z
43.84327,11.18714,2019-12-19T14:30:03.000Z
43.92751,11.03106,2019-12-19T13:06:36.000Z
43.87298,11.1015,2019-12-20T16:30:04.000Z
43.88132,11.10748,2019-12-20T14:17:30.000Z
43.85864,11.12154,2019-12-19T09:52:47.000Z
43.87806,11.05974,2019-12-19T12:26:10.000Z
43.87771,11.1033,2019-12-20T11:35:32.000Z
43.89267,11.1804,2019-12-17T11:46:35.000Z
43.87625,11.11664,2019-12-19T11:09:17.000Z
43.87312,11.10131,2019-12-20T16:33:57.000Z
43.83706,11.18247,2019-12-20T12:08:36.000Z
43.8379,11.18513,2019-12-20T14:38:55.000Z
43.87161,11.11001,2019-12-20T08:36:42.000Z
43.87978,11.06172,2019-12-19T08:58:21.683Z
43.87328,11.05234,2019-12-19T13:13:14.100Z
43.84315,11.19549,2019-12-19T10:10:53.000Z
43.83766,11.177,2019-12-20T13:24:39.290Z
43.87785,11.10309,2019-12-20T11:51:17.340Z
43.84244,11.04691,2019-12-18T10:59:39.120Z
43.81469,11.05531,2019-12-17T11:59:09.000Z
43.8088,11.17573,2019-12-18T14:14:05.000Z
43.92643,11.0254,2019-12-18T15:14:53.787Z
43.8134,11.1702,2019-12-18T13:56:12.000Z
43.83512,11.18116,2019-12-20T12:42:23.000Z
43.83734,11.20816,2019-12-17T12:30:58.917Z
43.87305,11.10086,2019-12-16T10:30:07.793Z
43.80979,11.18314,2019-12-18T11:26:08.000Z
43.91259,11.03968,2019-12-20T12:12:31.000Z
43.89328,11.07807,2019-12-17T14:46:20.353Z
43.91042,11.06511,2019-12-20T13:57:15.000Z
43.84563,11.1991,2019-12-19T11:21:51.000Z
43.87053,11.08762,2019-12-18T10:51:18.087Z
43.89622,11.08376,2019-12-20T13:54:11.843Z
43.83799,11.21,2019-12-17T12:11:06.000Z
43.89489,11.08303,2019-12-16T14:53:35.000Z
43.87444,11.10164,2019-12-16T11:24:02.350Z
43.87642,11.03989,2019-12-17T12:10:18.000Z
43.89205,11.07658,2019-12-17T15:55:46.000Z
43.87225,11.06419,2019-12-17T15:42:59.773Z
43.84557,11.0954,2019-12-17T08:03:39.000Z
43.87059,11.09309,2019-12-18T11:55:41.737Z
43.89066,11.08106,2019-12-20T14:02:52.003Z
43.88143,11.10443,2019-12-20T12:53:32.483Z
43.83651,11.17845,2019-12-20T13:07:47.907Z
43.90485,11.07308,2019-12-19T13:15:27.000Z
43.8418,11.19184,2019-12-19T13:14:56.697Z
43.87113,11.10928,2019-12-20T12:03:30.000Z
43.90764,11.08797,2019-12-16T13:56:42.000Z
43.89725,11.18417,2019-12-17T14:33:19.000Z
43.87092,11.12104,2019-12-19T08:20:47.000Z
43.87719,11.10389,2019-12-20T10:49:59.157Z
43.88618,11.18413,2019-12-17T11:42:50.000Z
43.85997,11.11993,2019-12-19T10:14:54.433Z
43.86275,11.08503,2019-12-17T17:16:45.000Z
43.94501,11.21418,2019-12-17T12:59:47.000Z
43.87651,11.10365,2019-12-20T14:05:13.447Z
43.89727,11.06534,2019-12-20T11:51:41.000Z
43.82681,11.12176,2019-12-19T11:01:20.000Z
43.85439,11.15865,2019-12-16T13:02:29.000Z
43.8923,11.10361,2019-12-18T10:57:06.133Z
43.83207,11.20768,2019-12-17T12:19:20.000Z
43.89806,11.10315,2019-12-18T08:52:18.503Z
43.85837,11.10497,2019-12-17T08:07:27.000Z
43.9279,11.03125,2019-12-19T13:06:39.000Z
43.86182,11.10939,2019-12-17T11:04:10.693Z
43.84208,11.20772,2019-12-19T12:10:24.000Z
43.8713,11.07422,2019-12-18T12:43:31.410Z
43.82258,11.13284,2019-12-20T13:47:20.753Z
43.86335,11.17031,2019-12-17T10:52:17.000Z
43.80801,11.18048,2019-12-18T11:45:17.000Z
43.89403,11.08332,2019-12-18T14:52:31.173Z
43.81726,11.14211,2019-12-20T12:26:44.593Z
43.83426,11.12887,2019-12-17T16:41:19.000Z
43.84072,11.21055,2019-12-19T12:32:52.000Z
43.89211,11.08568,2019-12-19T10:54:19.197Z
43.90007,11.07558,2019-12-19T11:25:51.000Z
43.8789,11.11156,2019-12-19T13:05:02.000Z
43.82467,11.19979,2019-12-18T13:25:43.347Z
43.89063,11.0812,2019-12-20T14:13:00.573Z
43.92161,11.03774,2019-12-18T14:05:00.360Z
43.86646,11.1295,2019-12-19T08:54:01.000Z
43.86268,11.08502,2019-12-17T17:29:26.000Z
43.86137,11.11485,2019-12-16T13:31:22.347Z
43.88567,11.06892,2019-12-17T16:21:14.413Z
43.90768,11.09363,2019-12-16T08:27:40.000Z
43.90655,11.03034,2019-12-16T11:54:36.163Z
43.94555,11.21408,2019-12-17T13:11:17.000Z
43.90689,11.04838,2019-12-20T11:53:39.173Z
43.8572,11.11828,2019-12-19T12:41:52.000Z
43.86473,11.15802,2019-12-16T11:53:43.000Z
43.89408,11.08305,2019-12-16T16:45:14.000Z
43.83681,11.1874,2019-12-19T13:22:17.000Z
43.89488,11.18293,2019-12-17T15:07:14.000Z
43.84433,11.19607,2019-12-19T10:30:21.000Z
43.87503,11.10461,2019-12-20T11:24:19.210Z
43.82382,11.21431,2019-12-18T10:43:17.027Z
43.92037,11.0329,2019-12-19T10:30:15.000Z
43.87056,11.08727,2019-12-18T11:40:20.893Z
43.87519,11.10318,2019-12-20T14:34:05.000Z
43.86217,11.16457,2019-12-17T15:28:11.287Z
43.83875,11.19766,2019-12-17T08:54:19.783Z
43.88939,11.08903,2019-12-19T11:02:53.463Z
43.84198,11.19453,2019-12-19T09:55:05.000Z
43.87483,11.11602,2019-12-19T10:16:29.000Z
43.85428,11.147,2019-12-18T16:32:56.480Z
43.89396,11.08298,2019-12-16T16:43:04.000Z
43.85954,11.11839,2019-12-19T11:34:14.000Z
43.89158,11.08087,2019-12-17T17:01:06.000Z
43.87504,11.11379,2019-12-20T15:23:30.000Z
43.86713,11.10366,2019-12-17T15:23:33.107Z
43.85742,11.16337,2019-12-16T15:06:26.000Z
43.82679,11.1239,2019-12-19T10:35:58.547Z
43.82343,11.12152,2019-12-19T13:38:37.000Z
43.87102,11.12098,2019-12-19T08:12:41.607Z
43.89809,11.0862,2019-12-16T13:44:44.000Z
43.85036,11.08549,2019-12-17T15:44:34.000Z
43.84286,11.1149,2019-12-17T15:50:53.000Z
43.84196,11.12617,2019-12-19T08:22:10.000Z
43.82261,11.14485,2019-12-18T16:46:44.183Z
43.85855,11.15736,2019-12-16T12:24:28.000Z
43.8569,11.08208,2019-12-19T09:13:40.643Z
43.83742,11.18347,2019-12-20T12:03:18.000Z
43.89462,11.09752,2019-12-18T08:48:55.990Z
43.91561,11.22387,2019-12-17T11:20:22.000Z
43.81363,11.14451,2019-12-20T10:57:54.000Z
43.91693,11.05688,2019-12-20T10:52:27.000Z
43.87386,11.09575,2019-12-20T16:26:13.000Z
43.86717,11.11382,2019-12-16T12:35:35.807Z
43.80903,11.17501,2019-12-18T14:17:26.000Z
43.86465,11.10826,2019-12-17T10:30:29.367Z
43.8033,11.18571,2019-12-18T10:51:51.000Z
43.86047,11.15659,2019-12-16T12:18:56.000Z
43.80563,11.11867,2019-12-17T12:33:17.000Z
43.8372,11.18325,2019-12-20T12:00:43.000Z
43.90248,11.06643,2019-12-20T12:08:59.000Z
43.83088,11.13077,2019-12-19T12:11:47.880Z
43.8876,11.09314,2019-12-16T12:04:04.000Z
43.89533,11.08686,2019-12-17T14:25:41.093Z
43.86048,11.07498,2019-12-18T15:01:39.000Z
43.88737,11.0448,2019-12-17T08:57:11.703Z
43.80727,11.17657,2019-12-18T10:09:13.000Z
43.84645,11.19995,2019-12-19T11:23:55.000Z
43.85905,11.11577,2019-12-19T13:28:02.000Z
43.86351,11.03595,2019-12-20T11:25:20.217Z
43.81073,11.05014,2019-12-17T12:39:51.000Z
43.8652,11.10814,2019-12-17T10:34:55.790Z
43.80883,11.17375,2019-12-18T14:06:08.000Z
43.89601,11.18698,2019-12-17T12:11:29.000Z
43.90035,11.03681,2019-12-19T15:49:12.803Z
43.87415,11.05606,2019-12-19T13:00:36.000Z
43.85258,11.10138,2019-12-19T14:31:06.150Z
43.86992,11.10902,2019-12-20T12:58:08.000Z
43.86031,11.17622,2019-12-17T10:32:28.873Z
43.88888,11.09583,2019-12-16T11:40:07.000Z
43.8376,11.18539,2019-12-20T14:24:56.000Z
43.86734,11.11341,2019-12-17T13:01:30.000Z
43.87044,11.11402,2019-12-17T12:32:08.000Z
43.86038,11.17583,2019-12-17T10:34:18.000Z
43.87349,11.10106,2019-12-16T10:52:59.587Z
43.92504,11.02151,2019-12-19T13:14:28.000Z
43.86531,11.17038,2019-12-17T11:30:57.000Z
43.83551,11.18649,2019-12-20T11:23:41.000Z
43.84324,11.10948,2019-12-19T10:43:40.487Z
43.86676,11.10822,2019-12-20T13:15:45.917Z
43.84104,11.19182,2019-12-19T09:40:26.137Z
43.84157,11.19354,2019-12-19T09:46:54.000Z
43.84305,11.18864,2019-12-19T14:07:21.000Z
43.84206,11.19244,2019-12-19T13:22:12.000Z
43.84468,11.11702,2019-12-19T12:48:51.000Z
43.80803,11.17996,2019-12-18T11:42:23.167Z
43.80605,11.18032,2019-12-18T11:37:32.000Z
43.90644,11.03555,2019-12-20T12:35:14.000Z
43.91655,11.23052,2019-12-17T11:09:13.000Z
43.84278,11.11507,2019-12-17T16:20:50.000Z
43.85698,11.08233,2019-12-19T09:26:59.567Z
43.86375,11.09254,2019-12-20T11:52:47.223Z
43.86499,11.09415,2019-12-20T11:41:07.000Z
43.84986,11.04806,2019-12-18T09:30:29.127Z
43.8778,11.10315,2019-12-20T12:06:30.000Z
43.87395,11.11313,2019-12-20T12:09:30.000Z
43.85537,11.15483,2019-12-16T12:36:47.697Z
43.87657,11.05549,2019-12-19T11:44:57.540Z
43.86125,11.10668,2019-12-20T09:58:21.000Z
43.81192,11.05962,2019-12-17T15:17:34.000Z
43.83911,11.20298,2019-12-17T09:20:11.000Z
43.86056,11.15376,2019-12-16T10:30:55.000Z
43.88856,11.08151,2019-12-17T13:51:50.000Z
43.8921,11.1033,2019-12-18T11:00:26.750Z
43.82951,11.21643,2019-12-17T13:40:31.400Z
43.899,11.0889,2019-12-20T13:16:40.283Z
43.84614,11.15183,2019-12-18T16:21:48.487Z
43.83535,11.18397,2019-12-20T10:18:27.000Z
43.82378,11.20581,2019-12-16T12:41:50.147Z
43.82605,11.21365,2019-12-19T12:52:00.443Z
43.88579,11.09967,2019-12-18T14:29:46.207Z
43.89432,11.08259,2019-12-16T16:40:51.000Z
43.89085,11.09597,2019-12-18T11:38:42.943Z
43.84657,11.04693,2019-12-18T11:10:47.093Z
43.86166,11.10644,2019-12-18T09:54:33.947Z
43.86451,11.1776,2019-12-18T16:59:03.000Z
43.86954,11.08882,2019-12-17T12:54:40.093Z
43.90255,11.06655,2019-12-20T12:20:00.000Z
43.85239,11.1012,2019-12-19T14:52:42.000Z
43.86045,11.15389,2019-12-16T10:20:45.000Z
43.91146,11.06506,2019-12-20T13:38:15.000Z
43.88665,11.04824,2019-12-19T14:32:55.310Z
43.82348,11.13768,2019-12-18T13:00:35.107Z
43.85933,11.05152,2019-12-18T11:25:21.200Z
43.87934,11.05605,2019-12-19T11:19:36.000Z
43.83704,11.20846,2019-12-17T12:25:42.000Z
43.92072,11.05367,2019-12-18T15:55:58.313Z
43.88728,11.05717,2019-12-19T11:35:26.603Z
43.90039,11.03545,2019-12-20T14:52:06.453Z
43.81163,11.17421,2019-12-18T13:22:11.000Z
43.89645,11.06468,2019-12-19T15:51:41.827Z
43.87323,11.10791,2019-12-20T15:35:07.000Z
43.84472,11.08903,2019-12-17T10:47:29.000Z
43.8664,11.15478,2019-12-16T13:54:35.000Z
43.8402,11.0183,2019-12-17T19:41:11.000Z
43.86214,11.05786,2019-12-17T13:44:22.827Z
43.8593,11.16311,2019-12-16T13:39:33.000Z
43.81931,11.14634,2019-12-18T16:31:49.750Z
43.88841,11.09218,2019-12-18T17:07:24.743Z
43.82368,11.12299,2019-12-19T10:58:00.003Z
43.86631,11.1139,2019-12-16T12:09:37.000Z
43.87162,11.07351,2019-12-18T12:30:46.433Z
43.87139,11.0589,2019-12-18T12:56:12.443Z
43.84262,11.19815,2019-12-19T10:48:16.000Z
43.89561,11.10003,2019-12-17T11:32:44.197Z
43.86664,11.15924,2019-12-16T11:53:43.000Z
43.88102,11.10826,2019-12-19T13:13:59.000Z
43.87592,11.10396,2019-12-20T14:46:25.000Z
43.85661,11.15237,2019-12-16T12:53:52.000Z
43.86317,11.16151,2019-12-16T13:36:13.000Z
43.85112,11.1091,2019-12-19T11:24:12.000Z
43.84311,11.1935,2019-12-19T09:59:59.000Z
43.89592,11.09593,2019-12-17T09:14:32.920Z
43.85828,11.14295,2019-12-16T09:45:07.337Z
43.92258,11.09031,2019-12-16T13:37:34.363Z
43.8714,11.12028,2019-12-19T08:02:29.000Z
43.84657,11.11136,2019-12-17T11:01:43.000Z
43.89758,11.08751,2019-12-16T16:53:16.000Z
43.88854,11.04938,2019-12-19T10:12:00.527Z
43.81689,11.14538,2019-12-20T10:02:42.000Z
43.8369,11.20758,2019-12-17T13:23:56.000Z
43.84327,11.20082,2019-12-19T11:14:21.000Z
43.89552,11.09797,2019-12-16T16:28:43.000Z
43.8614,11.1539,2019-12-16T10:32:42.000Z
43.837,11.18205,2019-12-20T12:11:34.000Z
43.89305,11.18059,2019-12-17T15:15:43.483Z
43.87879,11.10566,2019-12-20T13:09:30.017Z
43.88971,11.05072,2019-12-19T12:08:32.157Z
43.87298,11.10149,2019-12-20T16:31:13.000Z
43.90902,11.04198,2019-12-20T12:45:09.000Z
43.88281,11.18056,2019-12-17T10:26:10.000Z
43.83548,11.18643,2019-12-20T11:30:06.000Z
43.87748,11.10276,2019-12-20T12:28:45.547Z
43.87988,11.06195,2019-12-19T08:52:21.357Z
43.88531,11.09599,2019-12-18T15:41:23.083Z
43.84967,11.09575,2019-12-17T13:18:48.000Z
43.83972,11.01772,2019-12-17T19:47:36.000Z
43.86817,11.10525,2019-12-17T15:30:21.000Z
43.85752,11.11579,2019-12-19T12:22:35.000Z
43.83969,11.17861,2019-12-20T13:38:11.000Z
43.86967,11.09246,2019-12-18T13:26:04.667Z
43.82976,11.21816,2019-12-19T11:15:00.000Z
43.89474,11.07812,2019-12-17T16:33:58.723Z
43.86443,11.08222,2019-12-18T14:31:55.000Z
43.80613,11.16888,2019-12-18T09:49:07.000Z
43.87549,11.10318,2019-12-20T10:26:59.880Z
43.90385,11.0733,2019-12-19T13:21:40.000Z
43.81241,11.17733,2019-12-18T13:07:57.000Z
43.89118,11.08133,2019-12-20T13:59:11.990Z
43.83675,11.20742,2019-12-17T14:58:37.000Z
43.84376,11.19606,2019-12-19T10:23:39.000Z
43.84856,11.12014,2019-12-17T11:14:17.000Z
43.86266,11.08503,2019-12-17T17:42:49.000Z
43.90066,11.06376,2019-12-19T15:35:35.290Z
43.86355,11.11459,2019-12-16T10:32:55.000Z
43.84668,11.09411,2019-12-19T13:57:40.000Z
43.89575,11.09604,2019-12-20T11:48:03.830Z
43.89121,11.08777,2019-12-16T12:52:46.000Z
43.87646,11.10525,2019-12-20T10:38:52.860Z
43.88109,11.11063,2019-12-19T12:35:27.000Z
43.91566,11.09127,2019-12-16T13:14:18.000Z
43.87038,11.09056,2019-12-17T12:17:51.067Z
43.87442,11.11638,2019-12-19T09:55:14.000Z
43.84064,11.17956,2019-12-20T13:58:24.000Z
43.83488,11.18673,2019-12-20T11:18:54.210Z
43.81553,11.05544,2019-12-17T11:16:29.000Z
43.85758,11.12076,2019-12-19T14:39:40.227Z
43.90893,11.04832,2019-12-20T11:44:02.187Z
43.89263,11.0908,2019-12-18T13:01:15.450Z
43.86908,11.09433,2019-12-17T11:49:47.433Z
43.92158,11.02627,2019-12-19T11:55:28.000Z
43.85984,11.16934,2019-12-16T12:20:52.000Z
43.83827,11.18127,2019-12-20T12:19:38.000Z
43.88886,11.09426,2019-12-19T09:51:21.627Z
43.80653,11.17713,2019-12-18T10:23:09.433Z
43.83489,11.18659,2019-12-20T11:14:50.000Z
43.90759,11.06229,2019-12-16T11:54:15.090Z
43.87334,11.0943,2019-12-17T10:20:35.997Z
43.84769,11.17994,2019-12-17T10:08:12.000Z
43.8854,11.07005,2019-12-18T10:15:20.367Z
43.86149,11.08367,2019-12-19T10:23:24.867Z
43.92285,11.03956,2019-12-18T13:46:04.077Z
43.80672,11.12122,2019-12-17T13:28:39.000Z
43.89835,11.07554,2019-12-19T10:58:58.000Z
43.87318,11.10896,2019-12-20T08:57:12.000Z
43.83957,11.10849,2019-12-18T13:48:58.490Z
43.84295,11.1144,2019-12-17T16:03:56.000Z
43.8375,11.18559,2019-12-20T14:30:04.000Z
43.90491,11.03777,2019-12-20T13:13:18.000Z
43.83939,11.20979,2019-12-17T11:09:20.000Z
43.88124,11.03956,2019-12-17T10:21:47.647Z
43.88319,11.09427,2019-12-16T15:32:00.697Z
43.89215,11.10753,2019-12-20T10:34:27.947Z
43.86703,11.1595,2019-12-16T11:50:12.000Z
43.90691,11.11344,2019-12-19T11:00:31.397Z
43.89222,11.08791,2019-12-16T13:33:01.000Z
43.84463,11.12703,2019-12-17T11:33:03.000Z
43.86633,11.04549,2019-12-20T15:02:58.073Z
43.86008,11.10966,2019-12-17T10:47:59.000Z
43.86651,11.1099,2019-12-17T15:01:13.837Z
43.86288,11.11457,2019-12-16T14:45:58.060Z
43.84222,11.18923,2019-12-19T13:38:28.000Z
43.87701,11.03863,2019-12-17T12:17:09.000Z
43.85672,11.14665,2019-12-16T09:54:24.453Z
43.88415,11.08791,2019-12-18T16:07:08.277Z
43.89944,11.08797,2019-12-20T13:19:23.883Z
43.89702,11.06079,2019-12-16T09:21:09.000Z
43.86287,11.07993,2019-12-18T14:39:33.000Z
43.89493,11.18524,2019-12-17T12:03:54.000Z
43.83846,11.18241,2019-12-20T14:09:43.000Z
43.86093,11.15428,2019-12-16T10:22:28.000Z
43.87624,11.10587,2019-12-20T10:38:14.420Z
43.85702,11.15306,2019-12-16T10:07:19.000Z
43.83593,11.18467,2019-12-20T11:51:18.000Z
43.89934,11.07504,2019-12-19T11:07:47.150Z
43.82296,11.12226,2019-12-19T13:30:20.057Z
43.82526,11.12193,2019-12-19T11:17:41.697Z
43.83584,11.17809,2019-12-20T12:59:18.000Z
43.85623,11.0558,2019-12-16T11:41:10.493Z
43.88461,11.11197,2019-12-19T12:10:35.000Z
43.89823,11.10079,2019-12-16T15:19:26.000Z
43.85753,11.12087,2019-12-19T11:52:15.000Z
43.92072,11.03376,2019-12-19T10:31:27.000Z
43.82171,11.22068,2019-12-18T09:37:14.520Z
43.89618,11.06236,2019-12-19T16:31:01.580Z
43.91676,11.06696,2019-12-20T13:24:33.593Z
43.89654,11.18543,2019-12-17T12:16:55.000Z
43.84307,11.0908,2019-12-17T13:05:27.207Z
43.90543,11.03439,2019-12-20T14:50:23.797Z
43.88288,11.06592,2019-12-18T10:18:59.383Z
43.87271,11.04135,2019-12-17T11:26:21.833Z
43.89416,11.08462,2019-12-18T15:09:49.550Z
43.87444,11.11639,2019-12-19T09:57:16.000Z
43.80584,11.11846,2019-12-17T12:36:07.000Z
43.83361,11.18602,2019-12-20T11:00:43.000Z
43.84146,11.18814,2019-12-19T14:07:17.000Z
43.85402,11.08444,2019-12-17T08:38:47.000Z
43.90532,11.06958,2019-12-20T14:04:19.000Z
43.83462,11.10089,2019-12-17T12:23:05.723Z
43.86049,11.15642,2019-12-16T12:18:53.423Z
43.90497,11.07009,2019-12-16T08:54:19.820Z
43.86052,11.11806,2019-12-19T11:10:14.000Z
43.84243,11.11515,2019-12-17T15:45:50.000Z
43.86122,11.1075,2019-12-18T10:49:29.517Z
43.82529,11.14179,2019-12-20T12:54:23.000Z
43.85845,11.16491,2019-12-16T15:18:56.000Z
43.86664,11.16292,2019-12-16T11:33:13.000Z
43.82269,11.12324,2019-12-19T13:13:23.000Z
43.86292,11.13796,2019-12-20T11:36:36.000Z
43.8635,11.16778,2019-12-16T11:58:37.000Z
43.87951,11.1112,2019-12-19T12:59:48.383Z
43.89143,11.08858,2019-12-19T10:06:39.157Z
43.87526,11.04242,2019-12-17T12:32:40.183Z
43.89056,11.08639,2019-12-16T13:52:44.000Z
43.94511,11.21395,2019-12-17T13:02:08.000Z
43.85804,11.07649,2019-12-17T11:14:07.423Z
43.88176,11.10401,2019-12-20T13:30:00.633Z
43.89965,11.06512,2019-12-19T15:51:33.297Z
43.86735,11.11008,2019-12-17T14:47:35.483Z
43.84017,11.17808,2019-12-20T13:52:07.000Z
43.89767,11.09992,2019-12-17T11:12:30.867Z
43.86076,11.13496,2019-12-20T09:20:33.000Z
43.91309,10.99889,2019-12-18T14:38:55.380Z
43.84795,11.18034,2019-12-16T10:15:02.000Z
43.86732,11.12724,2019-12-19T08:34:57.000Z
43.86031,11.10951,2019-12-17T10:46:47.857Z
43.8517,11.11415,2019-12-16T08:01:13.000Z
43.92617,11.04128,2019-12-18T14:34:07.713Z
43.87244,11.11431,2019-12-20T11:05:10.000Z
43.85863,11.11129,2019-12-16T13:53:33.000Z
43.81734,11.14137,2019-12-20T12:29:18.727Z
43.93921,11.18797,2019-12-17T13:40:36.000Z
43.82727,11.12267,2019-12-19T10:38:15.000Z
43.87471,11.10407,2019-12-20T16:15:35.000Z
43.84423,11.18561,2019-12-16T10:39:03.000Z
43.81608,11.14737,2019-12-20T10:36:00.560Z
43.87075,11.08634,2019-12-18T11:44:22.000Z
43.89289,11.09511,2019-12-18T09:07:36.147Z
43.85652,10.99067,2019-12-17T19:30:01.000Z
43.89541,11.18301,2019-12-17T15:03:17.000Z
43.85872,11.11987,2019-12-19T10:53:38.770Z
43.8633,11.13496,2019-12-20T12:00:06.000Z
43.85009,11.05545,2019-12-16T09:42:58.620Z
43.87585,11.03921,2019-12-17T10:57:23.000Z
43.87613,11.10542,2019-12-20T11:16:35.000Z
43.86703,11.11344,2019-12-16T12:36:06.767Z
43.87039,11.05317,2019-12-19T15:26:14.100Z
43.81673,11.14091,2019-12-20T11:59:22.000Z
43.8412,11.19207,2019-12-19T09:36:59.000Z
43.91466,11.0317,2019-12-19T11:29:58.857Z
43.82295,11.12339,2019-12-19T12:32:26.000Z
43.90518,11.07029,2019-12-19T15:42:06.720Z
43.89761,11.08753,2019-12-16T16:51:07.000Z
43.86889,11.09425,2019-12-17T11:55:33.537Z
43.91632,11.05954,2019-12-20T10:35:41.627Z
43.90918,11.05517,2019-12-16T10:55:02.000Z
43.89887,11.1053,2019-12-17T15:55:00.000Z
43.94464,11.21277,2019-12-17T13:52:29.000Z
43.836,11.18005,2019-12-20T12:40:58.000Z
43.80449,11.18517,2019-12-18T11:12:54.000Z
43.86483,11.10829,2019-12-17T10:30:15.017Z
43.84237,11.18983,2019-12-19T13:53:55.000Z
43.86512,11.17688,2019-12-19T16:31:08.897Z
43.87776,11.06162,2019-12-19T09:43:39.000Z
43.89727,11.09598,2019-12-20T11:45:38.580Z
43.90582,11.04532,2019-12-20T12:12:27.000Z
43.86691,11.111,2019-12-17T14:52:24.697Z
43.90283,11.0275,2019-12-16T08:53:26.463Z
43.87077,11.11327,2019-12-17T12:32:04.000Z
43.81631,11.13966,2019-12-20T12:17:41.000Z
43.87315,11.0952,2019-12-17T10:37:42.620Z
43.88179,11.03878,2019-12-17T10:17:02.000Z
43.85661,10.99063,2019-12-17T19:26:46.000Z
43.87685,11.1047,2019-12-20T11:31:42.000Z
43.87702,11.09964,2019-12-20T11:34:01.000Z
43.83664,11.18331,2019-12-20T11:54:59.000Z
43.8323,11.21686,2019-12-19T09:03:17.000Z
43.81725,11.14599,2019-12-20T08:48:16.000Z
43.92937,11.03217,2019-12-19T13:14:26.000Z
43.85662,10.99059,2019-12-17T19:22:34.000Z
43.8154,11.05367,2019-12-17T11:51:12.000Z
43.85551,11.15147,2019-12-17T13:39:59.000Z
43.8876,11.10601,2019-12-20T10:57:26.000Z
43.8684,11.09267,2019-12-18T12:30:43.960Z
43.8984,11.10062,2019-12-16T15:19:27.000Z
43.84217,11.11404,2019-12-17T10:04:59.000Z
43.8599,11.16621,2019-12-16T16:18:51.000Z
43.85325,11.05979,2019-12-16T11:30:20.610Z
43.88828,11.09356,2019-12-16T12:26:37.000Z
43.80959,11.06049,2019-12-19T15:43:49.830Z
43.87403,11.11346,2019-12-20T12:08:49.000Z
43.8848,11.03211,2019-12-17T09:40:47.000Z
43.92907,11.03119,2019-12-19T13:20:16.000Z
43.87384,11.11108,2019-12-20T11:20:33.893Z
43.84668,11.19932,2019-12-19T11:29:05.000Z
43.83704,11.178,2019-12-20T13:09:45.000Z
43.92752,11.03104,2019-12-19T13:02:42.980Z
43.88866,11.09246,2019-12-18T16:52:18.033Z
43.85014,11.1836,2019-12-16T11:37:43.190Z
43.8568,11.15234,2019-12-16T13:02:42.000Z
43.89574,11.18579,2019-12-17T12:03:55.000Z
43.84323,11.09222,2019-12-17T10:32:11.117Z
43.83894,11.17791,2019-12-20T13:31:45.000Z
43.909,11.05297,2019-12-20T11:32:08.987Z
43.90664,11.09222,2019-12-16T11:52:33.300Z
43.88294,11.18077,2019-12-17T10:28:44.000Z
43.84623,11.08523,2019-12-17T10:36:43.000Z
43.87865,11.10425,2019-12-20T13:20:54.407Z
43.85411,11.15755,2019-12-18T16:53:03.503Z
43.89839,11.07554,2019-12-19T11:00:02.000Z
43.91458,11.22455,2019-12-17T11:38:12.000Z
43.92559,11.02787,2019-12-19T12:11:20.000Z
43.86816,11.10464,2019-12-17T15:29:19.553Z
43.90023,11.03384,2019-12-19T15:31:49.487Z
43.85595,11.15203,2019-12-16T12:42:42.000Z
43.90372,11.0944,2019-12-19T12:23:52.383Z
43.88889,11.04803,2019-12-17T08:27:44.000Z
43.86278,11.08515,2019-12-17T17:31:41.000Z
43.92551,11.0396,2019-12-18T14:20:22.287Z
43.86796,11.09641,2019-12-20T10:07:01.000Z
43.87648,11.10524,2019-12-20T10:42:11.000Z
43.81669,11.14563,2019-12-20T10:05:15.747Z
43.89535,11.18171,2019-12-17T14:58:12.000Z
43.82196,11.22052,2019-12-19T11:23:29.000Z
43.89645,11.0897,2019-12-20T12:58:52.163Z
43.83678,11.18545,2019-12-20T11:43:23.000Z
43.86683,11.16542,2019-12-16T11:13:25.000Z
43.86272,11.08504,2019-12-17T17:27:17.000Z
43.817,11.14823,2019-12-20T09:14:31.000Z
43.87989,11.05675,2019-12-19T11:19:44.000Z
43.81145,11.05271,2019-12-17T13:47:33.000Z
43.89436,11.06745,2019-12-20T11:00:27.000Z
43.89954,11.08798,2019-12-20T13:19:40.797Z
43.89322,11.08584,2019-12-19T10:17:00.930Z
43.86672,11.09289,2019-12-18T11:05:08.717Z
43.87799,11.05521,2019-12-19T10:43:41.353Z
43.87802,11.1031,2019-12-20T11:55:59.390Z
43.90989,11.02425,2019-12-16T09:18:02.710Z
43.8116,11.18015,2019-12-18T12:55:43.117Z
43.82326,11.12254,2019-12-19T12:44:12.717Z
43.8166,11.05856,2019-12-17T10:58:33.587Z
43.88602,11.04571,2019-12-17T08:27:43.000Z
43.91482,11.09292,2019-12-16T08:16:11.000Z
43.84295,11.1146,2019-12-17T15:48:10.000Z
43.89322,11.07878,2019-12-18T13:37:09.600Z
43.85231,11.03982,2019-12-18T09:10:47.950Z
43.90523,11.06776,2019-12-16T08:38:46.397Z
43.85841,11.09992,2019-12-17T14:08:40.647Z
43.87142,11.09904,2019-12-16T10:18:02.540Z
43.8645,11.07984,2019-12-18T14:17:31.000Z
43.88636,11.09031,2019-12-17T12:50:16.000Z
43.84623,11.04829,2019-12-18T11:22:07.230Z
43.8148,11.05548,2019-12-17T11:57:27.327Z
43.83377,11.18416,2019-12-20T10:56:11.000Z
43.85094,11.05345,2019-12-16T08:47:09.570Z
43.84731,11.18114,2019-12-16T10:27:02.000Z
43.89819,11.0983,2019-12-20T12:22:30.347Z
43.84238,11.19673,2019-12-19T10:37:15.000Z
43.87984,11.03972,2019-12-17T09:59:10.000Z
43.89083,11.09412,2019-12-18T12:11:45.727Z
43.84579,11.19809,2019-12-19T11:32:22.393Z
43.85754,11.15294,2019-12-17T12:54:26.000Z
43.8552,11.15953,2019-12-16T12:48:24.000Z
43.89462,11.07347,2019-12-17T14:18:08.073Z
43.84704,11.09318,2019-12-19T13:21:29.000Z
43.84295,11.18856,2019-12-19T14:11:53.000Z
43.86983,11.12361,2019-12-19T09:41:52.000Z
43.89066,11.08511,2019-12-16T14:15:20.460Z
43.80577,11.17968,2019-12-18T10:35:34.000Z
43.88671,11.1,2019-12-18T14:40:41.307Z
43.8711,11.09337,2019-12-18T14:41:28.610Z
43.8407,11.20627,2019-12-17T10:14:59.000Z
43.86243,11.16475,2019-12-17T15:24:10.000Z
43.89161,11.08812,2019-12-19T10:08:51.603Z
43.84957,11.09149,2019-12-19T15:37:27.000Z
43.85727,11.08044,2019-12-19T11:01:22.000Z
43.86294,11.13891,2019-12-20T10:56:52.000Z
43.85153,11.16207,2019-12-17T14:00:47.000Z
43.89903,11.05329,2019-12-20T14:25:37.873Z
43.89894,11.18851,2019-12-17T12:22:21.000Z
43.85883,11.52896,2019-12-18T11:06:25.000Z
43.81905,11.14742,2019-12-18T12:39:54.357Z
43.83986,11.17799,2019-12-20T13:46:55.000Z
43.84417,11.18991,2019-12-19T14:26:19.000Z
43.90566,11.03282,2019-12-16T10:24:24.587Z
43.8658,11.11388,2019-12-16T12:03:24.000Z
43.82002,11.14185,2019-12-16T14:31:14.000Z
43.87262,11.10838,2019-12-20T12:24:58.703Z
43.86019,11.13493,2019-12-20T09:26:38.000Z
43.89111,11.09724,2019-12-18T16:22:37.893Z
43.89016,11.09557,2019-12-18T11:57:49.857Z
43.90496,11.09426,2019-12-16T14:18:45.903Z
43.88876,11.09428,2019-12-19T09:51:05.280Z
43.88044,11.10625,2019-12-20T14:50:10.187Z
43.86708,11.11093,2019-12-17T14:27:49.000Z
43.90211,11.06733,2019-12-19T15:47:51.107Z
43.84551,11.15589,2019-12-17T16:52:54.203Z
43.86058,11.1602,2019-12-16T12:11:14.000Z
43.82999,11.23601,2019-12-19T09:46:34.000Z
43.88191,11.10363,2019-12-20T12:46:23.477Z
43.88294,11.11249,2019-12-19T11:50:32.000Z
43.84288,11.11476,2019-12-17T16:19:02.000Z
43.88837,11.04141,2019-12-17T08:47:13.000Z
43.85791,11.1162,2019-12-19T12:16:33.000Z
43.86639,11.1594,2019-12-16T11:45:08.000Z
43.87461,11.0388,2019-12-17T11:08:38.000Z
43.87022,11.08914,2019-12-18T16:20:07.917Z
43.87881,11.09465,2019-12-16T14:54:18.893Z
43.83979,11.01787,2019-12-17T19:45:50.000Z
43.86813,11.07595,2019-12-18T16:19:59.297Z
43.85579,11.07038,2019-12-17T15:46:46.000Z
43.86152,11.13444,2019-12-20T09:13:17.000Z
43.8693,11.04186,2019-12-17T16:01:36.000Z
43.89448,11.07791,2019-12-17T16:31:30.000Z
43.8138,11.05741,2019-12-17T14:55:48.587Z
43.84652,11.09367,2019-12-19T13:21:32.000Z
43.80824,11.04686,2019-12-17T13:28:17.000Z
43.88097,11.10374,2019-12-20T15:11:14.000Z
43.81585,11.14873,2019-12-20T10:20:31.713Z
43.89574,11.09818,2019-12-16T16:41:44.000Z
43.84112,11.20643,2019-12-17T10:25:34.000Z
43.80873,11.17316,2019-12-18T14:20:54.000Z
43.90774,11.02687,2019-12-16T09:07:12.177Z
43.8293,11.13785,2019-12-18T12:49:31.017Z
43.89318,11.07913,2019-12-18T13:52:02.870Z
43.86893,11.09569,2019-12-20T11:07:46.000Z
43.88272,11.0919,2019-12-16T15:46:49.100Z
43.83471,11.1867,2019-12-20T11:19:43.307Z
43.84492,11.16178,2019-12-16T08:56:04.000Z
43.87261,11.11193,2019-12-20T09:34:28.310Z
43.89511,11.10353,2019-12-18T09:52:00.097Z
43.89548,11.09794,2019-12-16T16:30:01.000Z
43.83948,11.20817,2019-12-17T10:44:39.000Z
43.89537,11.08398,2019-12-18T13:48:51.957Z
43.86608,11.16588,2019-12-16T11:28:08.000Z
43.86692,11.04908,2019-12-20T14:36:05.560Z
43.84289,11.11479,2019-12-17T16:01:45.000Z
43.84284,11.1148,2019-12-17T15:46:48.000Z
43.87197,11.09421,2019-12-18T11:47:51.940Z
43.93868,11.21596,2019-12-17T12:48:51.000Z
43.88693,11.19193,2019-12-17T10:47:04.000Z
43.90652,11.08677,2019-12-16T13:50:48.653Z
43.89783,11.08585,2019-12-16T16:46:13.080Z
43.89692,11.09002,2019-12-20T13:07:44.243Z
43.8569,11.14564,2019-12-16T09:48:35.000Z
43.86267,11.08503,2019-12-17T17:18:53.000Z
43.88245,11.03866,2019-12-17T10:16:59.000Z
43.84142,11.19943,2019-12-19T11:05:34.000Z
43.89432,11.07925,2019-12-17T16:39:36.343Z
43.86356,11.11054,2019-12-18T14:52:31.000Z
43.89555,11.08474,2019-12-20T13:55:56.653Z
43.8783,11.03483,2019-12-17T12:26:58.000Z
43.92331,11.09093,2019-12-16T12:44:32.000Z
43.81562,11.14251,2019-12-20T11:13:55.000Z
43.90783,11.03166,2019-12-19T11:01:31.087Z
43.85778,11.16114,2019-12-17T12:10:39.680Z
43.86561,11.1116,2019-12-16T11:10:06.000Z
43.88432,11.04185,2019-12-17T09:15:12.000Z
43.86156,11.11675,2019-12-19T14:02:59.183Z
43.84718,11.10817,2019-12-19T11:01:43.000Z
43.81233,11.17174,2019-12-18T13:30:01.000Z
43.82269,11.14201,2019-12-18T17:23:05.480Z
43.84232,11.19936,2019-12-19T11:01:16.000Z
43.86049,11.15613,2019-12-16T12:14:27.000Z
43.8661,11.06057,2019-12-17T13:30:05.850Z
43.8043,11.17974,2019-12-18T10:40:12.000Z
43.87062,11.05391,2019-12-19T13:33:54.000Z
43.85477,11.15969,2019-12-16T12:38:54.000Z
43.8782,11.11545,2019-12-19T11:29:23.000Z
43.85235,11.09674,2019-12-19T14:26:06.000Z
43.88411,11.09738,2019-12-16T14:26:54.913Z
43.87749,11.10566,2019-12-20T12:55:21.000Z
43.83652,11.18503,2019-12-20T11:45:32.000Z
43.89274,11.08335,2019-12-16T15:48:23.000Z
43.82354,11.13643,2019-12-20T14:52:19.927Z
43.91209,11.06236,2019-12-20T10:15:22.000Z
43.83899,11.178,2019-12-20T13:35:28.000Z
43.86636,11.10452,2019-12-17T15:35:47.000Z
43.85974,11.16562,2019-12-16T16:24:51.000Z
43.839,11.17765,2019-12-20T13:29:36.000Z
43.85678,11.15154,2019-12-16T13:04:43.000Z
43.85199,11.16346,2019-12-17T14:05:16.000Z
43.89403,11.09807,2019-12-17T12:15:44.897Z
43.8613,11.11179,2019-12-16T15:06:40.497Z
43.85917,11.08337,2019-12-19T09:42:17.000Z
43.85748,11.16333,2019-12-16T14:39:25.000Z
43.8565,11.15373,2019-12-16T12:48:03.000Z
43.86677,11.10923,2019-12-17T15:12:53.000Z
43.89148,11.0859,2019-12-16T14:08:13.293Z
43.86277,11.11346,2019-12-16T14:50:47.000Z
43.9148,11.2241,2019-12-17T11:17:14.000Z
43.87249,11.11189,2019-12-20T09:34:09.163Z
43.84265,11.11541,2019-12-17T15:55:24.000Z
43.91753,11.09462,2019-12-16T10:50:48.000Z
43.82373,11.12601,2019-12-19T10:25:57.997Z
43.80828,11.16885,2019-12-18T09:44:24.533Z
43.81107,11.05236,2019-12-17T12:56:39.000Z
43.8707,11.09845,2019-12-16T11:50:31.923Z
43.81562,11.05699,2019-12-17T11:43:54.970Z
43.90154,11.0669,2019-12-16T09:00:49.140Z
43.88346,11.09291,2019-12-16T15:36:36.373Z
43.86954,11.11439,2019-12-17T12:45:07.000Z
43.85305,11.0763,2019-12-17T08:06:13.190Z
43.85593,11.15267,2019-12-16T12:44:00.000Z
43.81796,11.14258,2019-12-20T11:35:30.070Z
43.81271,11.17193,2019-12-18T13:27:21.660Z
43.81237,11.04843,2019-12-17T12:17:07.420Z
43.91555,11.03012,2019-12-19T11:43:36.000Z
43.83743,11.18353,2019-12-20T12:04:22.000Z
43.8051,11.17072,2019-12-18T09:54:44.733Z
43.86729,11.12796,2019-12-19T09:04:07.077Z
43.89277,11.18054,2019-12-17T15:17:54.000Z
43.86367,11.11424,2019-12-16T10:36:57.613Z
43.84158,11.19589,2019-12-17T09:09:39.000Z
43.83595,11.17789,2019-12-20T13:00:51.000Z
43.84842,11.09045,2019-12-19T15:46:06.693Z
43.87181,11.1046,2019-12-20T16:17:21.000Z
43.86388,11.17033,2019-12-17T11:12:28.000Z
43.8811,11.11057,2019-12-19T12:51:25.000Z
43.83394,11.19554,2019-12-18T12:07:42.870Z
43.8521,11.03999,2019-12-18T09:08:54.160Z
43.86423,11.11613,2019-12-16T11:47:43.420Z
43.85709,11.07893,2019-12-17T10:57:22.973Z
43.85887,11.14143,2019-12-20T08:52:32.000Z
43.81373,11.05856,2019-12-17T14:43:22.000Z
43.84365,11.1858,2019-12-16T10:48:33.000Z
43.85857,11.10424,2019-12-18T09:33:28.657Z
43.86642,11.10456,2019-12-17T15:37:54.000Z
43.89732,11.18415,2019-12-17T14:47:56.000Z
43.8697,11.12348,2019-12-19T08:20:49.000Z
43.86673,11.16506,2019-12-16T11:12:50.000Z
43.861,11.08372,2019-12-19T10:20:28.030Z
43.90067,11.05756,2019-12-20T14:22:26.000Z
43.86437,11.11681,2019-12-16T12:53:11.583Z
43.84273,11.11493,2019-12-17T16:16:39.000Z
43.87359,11.10124,2019-12-16T10:38:16.407Z
43.81148,11.05756,2019-12-17T14:51:35.000Z
43.87056,11.11468,2019-12-17T12:04:42.000Z
43.86303,11.11361,2019-12-16T14:49:41.000Z
43.80511,11.12227,2019-12-16T13:07:41.437Z
43.80605,11.17972,2019-12-18T11:36:20.000Z
43.83833,11.09398,2019-12-17T11:46:51.000Z
43.87418,11.03982,2019-12-17T15:57:15.000Z
43.89537,11.08663,2019-12-20T13:43:51.527Z
43.85812,11.04365,2019-12-18T08:51:02.583Z
43.84462,11.1271,2019-12-17T11:35:48.000Z
43.86807,11.09495,2019-12-20T11:20:00.000Z
43.86964,11.15787,2019-12-16T14:01:06.000Z
43.84228,11.19785,2019-12-19T10:52:26.000Z
43.86168,11.13706,2019-12-20T08:30:23.000Z
43.8549,11.06039,2019-12-16T11:14:00.430Z
43.8388,11.11025,2019-12-17T17:12:05.000Z
43.85882,11.04905,2019-12-18T11:23:06.363Z
43.87673,11.03158,2019-12-17T10:41:46.977Z
43.85986,11.16458,2019-12-16T16:45:53.420Z
43.87568,11.04232,2019-12-17T12:08:49.860Z
43.8996,11.08853,2019-12-16T16:43:22.293Z
43.89257,11.08478,2019-12-19T10:51:18.727Z
43.8637,11.08196,2019-12-19T10:32:53.647Z
43.86437,11.17772,2019-12-18T16:58:26.000Z
43.84338,11.11641,2019-12-18T08:14:10.157Z
43.89574,11.18341,2019-12-17T14:40:52.000Z
43.83427,11.18073,2019-12-20T12:49:52.000Z
43.87776,11.11209,2019-12-19T13:25:53.000Z
43.85896,11.17564,2019-12-17T10:26:40.000Z
43.80314,11.18437,2019-12-18T10:45:00.000Z
43.85378,11.16793,2019-12-16T16:12:09.000Z
43.87436,11.10758,2019-12-20T10:08:47.940Z
43.81567,11.05696,2019-12-17T11:42:33.000Z
43.87363,11.10135,2019-12-16T10:37:38.737Z
43.88987,11.09682,2019-12-18T11:43:02.273Z
43.80912,11.17079,2019-12-18T10:04:33.000Z
43.89325,11.08042,2019-12-16T14:53:39.000Z
43.89324,11.08193,2019-12-16T16:13:12.000Z
43.89681,11.18343,2019-12-17T14:50:55.000Z
43.92591,11.03116,2019-12-19T12:55:25.000Z
43.8606,11.04409,2019-12-20T10:23:41.777Z
43.84051,11.11464,2019-12-20T09:57:56.000Z
43.89862,11.05795,2019-12-16T09:46:31.000Z
43.86452,11.08267,2019-12-17T17:12:10.000Z
43.83017,11.15306,2019-12-20T12:37:03.000Z
43.8268,11.12177,2019-12-19T11:07:54.000Z
43.84734,11.18437,2019-12-19T17:08:08.150Z
43.92029,11.03269,2019-12-19T10:38:58.840Z
43.88883,11.08868,2019-12-20T14:53:30.043Z
43.86655,11.04887,2019-12-20T09:51:52.967Z
43.88152,11.05825,2019-12-19T08:56:38.433Z
43.84328,11.1871,2019-12-19T14:29:58.000Z
43.86969,11.09596,2019-12-20T11:03:07.000Z
43.89178,11.11509,2019-12-20T13:35:42.210Z
43.85607,11.07076,2019-12-17T15:50:11.000Z
43.84444,11.19575,2019-12-19T10:26:35.000Z
43.88726,11.19159,2019-12-17T10:44:54.000Z
43.81846,11.1426,2019-12-20T11:48:07.000Z
43.87896,11.11557,2019-12-19T11:50:28.000Z
43.85855,11.1517,2019-12-16T13:16:31.000Z
43.88925,11.09108,2019-12-19T11:05:13.107Z
43.88848,11.09367,2019-12-16T11:48:21.000Z
43.88086,11.03351,2019-12-17T10:25:13.970Z
43.85882,11.16587,2019-12-16T16:30:13.000Z
43.94348,11.21331,2019-12-17T12:54:44.000Z
43.84374,11.04786,2019-12-18T11:09:45.653Z
43.91365,11.22364,2019-12-17T10:58:38.000Z
43.84341,11.19876,2019-12-19T11:14:59.000Z
43.83941,11.18151,2019-12-20T14:07:32.000Z
43.81597,11.14483,2019-12-20T10:02:38.000Z
43.90427,11.10007,2019-12-16T15:23:31.403Z
43.89989,11.09444,2019-12-16T15:40:37.000Z
43.83616,11.18015,2019-12-20T12:38:36.000Z
43.86094,11.11624,2019-12-19T13:48:10.000Z
43.87044,11.11142,2019-12-20T11:08:54.000Z
43.8489,11.09752,2019-12-19T15:51:16.687Z
43.89225,11.08833,2019-12-19T10:11:01.737Z
43.82504,11.12445,2019-12-19T11:37:46.000Z
43.82132,11.14177,2019-12-18T15:59:48.080Z
43.84187,11.20485,2019-12-17T10:02:32.000Z
43.87085,11.10748,2019-12-20T12:41:57.000Z
43.83175,11.20131,2019-12-17T16:48:05.000Z
43.86563,11.11271,2019-12-16T11:16:48.000Z
43.83744,11.17617,2019-12-20T13:20:33.000Z
43.85529,11.15376,2019-12-16T12:34:02.000Z
43.90801,11.09146,2019-12-16T13:23:39.000Z
43.89851,11.09746,2019-12-16T16:24:29.000Z
43.83656,11.185,2019-12-20T11:41:02.000Z
43.8699,11.11202,2019-12-20T11:08:59.000Z
43.90844,11.03401,2019-12-20T12:30:39.833Z
43.85569,11.14433,2019-12-18T16:39:57.013Z
43.89296,11.07842,2019-12-16T15:51:39.000Z
43.8705,11.1135,2019-12-17T12:30:26.347Z
43.92788,11.06161,2019-12-18T10:54:32.183Z
43.83635,11.18365,2019-12-20T11:53:37.000Z
43.92686,11.03718,2019-12-18T15:04:25.373Z
43.84267,11.1885,2019-12-19T14:09:39.000Z
43.89172,11.09205,2019-12-18T12:33:11.227Z
43.82588,11.13962,2019-12-17T13:40:44.000Z
43.9159,11.03059,2019-12-19T11:35:45.000Z
43.91717,11.19773,2019-12-17T12:34:20.257Z
43.84561,11.19778,2019-12-19T11:35:47.000Z
43.87548,11.09381,2019-12-17T09:53:24.347Z
43.86435,11.04261,2019-12-20T12:57:44.420Z
43.88863,11.04971,2019-12-19T10:04:34.830Z
43.8915,11.08092,2019-12-17T17:00:42.000Z
43.91511,11.05686,2019-12-18T10:26:52.283Z
43.89016,11.09582,2019-12-18T11:47:52.480Z
43.84458,11.12712,2019-12-17T11:40:32.000Z
43.86269,11.11142,2019-12-16T15:14:40.000Z
43.83548,11.18487,2019-12-20T10:21:53.000Z
43.86361,11.1106,2019-12-17T11:18:29.000Z
43.8796,11.05724,2019-12-19T09:56:08.000Z
43.88335,11.09726,2019-12-20T10:16:25.207Z
43.86372,11.08453,2019-12-19T08:18:25.000Z
43.85958,11.13608,2019-12-20T08:21:47.000Z
43.90826,11.08429,2019-12-16T12:27:51.000Z
43.88205,11.09646,2019-12-16T16:08:26.793Z
43.90798,11.04137,2019-12-20T12:50:22.713Z
43.90763,11.08514,2019-12-16T08:27:48.000Z
43.83533,11.18582,2019-12-20T11:35:06.000Z
43.87222,11.03706,2019-12-17T15:59:18.000Z
43.88482,11.10424,2019-12-20T09:39:40.000Z
43.84309,11.19073,2019-12-19T13:35:10.000Z
43.85099,11.10255,2019-12-19T16:35:10.000Z
43.90569,11.09573,2019-12-16T13:49:15.483Z
43.79857,11.13981,2019-12-16T14:46:59.117Z
43.88089,11.04706,2019-12-17T10:05:28.400Z
43.8096,11.16983,2019-12-18T09:38:48.000Z
43.86657,11.11284,2019-12-16T12:23:54.837Z
43.84276,11.11459,2019-12-17T15:53:01.000Z
43.87273,11.08019,2019-12-18T14:09:51.000Z
43.85602,11.08437,2019-12-19T09:01:08.000Z
43.86301,11.10777,2019-12-18T09:40:45.113Z
43.80535,11.17818,2019-12-18T10:31:40.000Z
43.84686,11.11148,2019-12-17T11:00:06.000Z
43.83359,11.18422,2019-12-20T10:58:36.877Z
43.90823,11.04246,2019-12-20T13:13:19.000Z
43.83875,11.20443,2019-12-17T09:09:45.000Z
43.84375,11.1878,2019-12-19T14:13:31.000Z
43.84658,11.28647,2019-12-19T11:06:15.123Z
43.85114,11.10264,2019-12-19T16:39:26.000Z
43.87057,11.05379,2019-12-19T13:36:22.000Z
43.86628,11.11198,2019-12-17T13:21:02.000Z
43.87511,11.10218,2019-12-16T10:53:45.397Z
43.84367,11.17178,2019-12-19T15:55:29.893Z
43.87096,11.05822,2019-12-17T16:42:47.187Z
43.88269,11.04767,2019-12-19T11:02:10.817Z
43.87477,11.10201,2019-12-16T11:14:08.527Z
43.86783,11.11363,2019-12-16T12:26:18.000Z
43.90608,11.06967,2019-12-20T12:02:24.747Z
43.87251,11.09281,2019-12-17T11:25:41.980Z
43.8807,11.09219,2019-12-16T16:53:49.087Z
43.88887,11.09576,2019-12-16T11:33:25.263Z
43.86567,11.15511,2019-12-16T13:47:46.000Z
43.86836,11.0611,2019-12-17T13:32:49.873Z
43.84954,11.11094,2019-12-19T11:45:13.107Z
43.84924,11.08752,2019-12-17T15:38:59.000Z
43.84064,11.11467,2019-12-20T14:44:53.000Z
43.89553,11.09794,2019-12-16T16:26:44.000Z
43.87095,11.09187,2019-12-17T12:38:51.367Z
43.86609,11.10514,2019-12-18T08:57:56.980Z
43.89581,11.06639,2019-12-16T08:12:14.000Z
43.87516,11.1113,2019-12-20T11:40:35.000Z
43.89157,11.08091,2019-12-17T17:05:57.000Z
43.8599,11.1662,2019-12-16T16:19:56.000Z
43.80883,11.17702,2019-12-18T14:10:14.000Z
43.89178,11.0973,2019-12-20T16:16:36.263Z
43.85556,11.15956,2019-12-16T13:31:05.000Z
43.92501,11.03203,2019-12-19T12:55:23.000Z
43.82671,11.12969,2019-12-20T15:02:37.510Z
43.87364,11.06545,2019-12-17T15:35:52.897Z
43.87189,11.08101,2019-12-18T11:53:19.000Z
43.83216,11.20758,2019-12-17T14:42:51.000Z
43.88979,11.08792,2019-12-18T15:55:50.383Z
43.82624,11.1263,2019-12-19T10:28:02.000Z
43.86146,11.08044,2019-12-18T15:34:39.147Z
43.91532,11.06013,2019-12-20T10:27:46.000Z
43.85091,11.10256,2019-12-19T16:31:00.000Z
43.89376,11.05509,2019-12-20T13:53:16.000Z
43.88693,11.05202,2019-12-19T09:39:41.637Z
43.84177,11.19093,2019-12-19T13:11:51.000Z
43.85331,11.1007,2019-12-17T10:20:20.000Z
43.84165,11.11056,2019-12-16T11:23:58.000Z
43.86011,11.16231,2019-12-16T13:58:43.750Z
43.89417,11.08154,2019-12-16T16:33:36.000Z
43.86354,11.06251,2019-12-17T13:55:57.277Z
43.82581,11.13431,2019-12-20T12:36:59.000Z
43.85899,11.16052,2019-12-16T13:55:55.000Z
43.84914,11.08949,2019-12-17T15:36:44.000Z
43.84431,11.09765,2019-12-17T08:00:10.000Z
43.84552,11.09624,2019-12-19T13:43:17.000Z
43.84419,11.18968,2019-12-19T14:25:59.000Z
43.83648,11.17703,2019-12-20T13:15:36.790Z
43.84289,11.1148,2019-12-17T15:57:20.000Z
43.87442,11.04492,2019-12-17T12:40:05.000Z
43.87647,11.10378,2019-12-20T14:10:11.000Z
43.86755,11.10481,2019-12-17T15:30:22.000Z
43.83596,11.1847,2019-12-20T11:49:40.000Z
43.91544,11.03529,2019-12-18T13:48:01.840Z
43.83826,11.183,2019-12-20T14:14:27.000Z
43.80958,11.06127,2019-12-19T15:46:01.433Z
43.81807,11.24547,2019-12-19T10:14:40.200Z
43.88766,11.10879,2019-12-20T09:13:02.000Z
43.86005,11.05072,2019-12-18T11:27:28.167Z
43.8427,11.11484,2019-12-17T16:06:04.000Z
43.87547,11.04117,2019-12-17T12:48:31.000Z
43.85289,11.17692,2019-12-19T15:58:31.057Z
43.90607,11.09317,2019-12-16T14:14:26.687Z
43.88803,11.04022,2019-12-17T08:50:48.537Z
43.88938,11.10774,2019-12-20T11:22:12.000Z
43.89901,11.0513,2019-12-20T15:00:28.000Z
43.86651,11.15965,2019-12-16T11:40:22.557Z
43.9037,11.1004,2019-12-19T11:16:32.727Z
43.86993,11.12388,2019-12-19T09:34:56.000Z
43.86549,11.09681,2019-12-16T10:15:03.000Z
43.80808,11.04747,2019-12-17T13:28:14.000Z
43.87051,11.11403,2019-12-17T12:37:40.000Z
43.89392,11.06602,2019-12-19T14:22:58.260Z
43.91034,11.04909,2019-12-20T11:34:06.000Z
43.86463,11.11177,2019-12-17T11:36:20.943Z
43.83713,11.17619,2019-12-20T13:18:23.000Z
43.91878,11.05612,2019-12-20T11:02:53.270Z
43.90388,11.07407,2019-12-19T12:37:48.000Z
43.85659,11.14137,2019-12-19T10:55:51.510Z
43.86744,11.11285,2019-12-17T12:58:31.000Z
43.84293,11.11464,2019-12-17T16:14:51.000Z
43.82483,11.13917,2019-12-20T12:57:28.000Z
43.86419,11.1191,2019-12-16T11:38:56.497Z
43.84264,11.2021,2019-12-19T11:48:17.000Z
43.85915,11.08394,2019-12-19T09:50:22.000Z
43.85867,11.08231,2019-12-19T09:42:16.000Z
43.90002,11.09431,2019-12-16T15:40:46.000Z
43.8744,11.04488,2019-12-17T12:44:41.000Z
43.88049,11.04896,2019-12-19T10:27:36.000Z
43.90213,11.07642,2019-12-19T14:43:07.727Z
43.81569,11.05694,2019-12-17T11:51:09.000Z
43.84668,10.97805,2019-12-17T19:20:13.000Z
43.84485,11.08873,2019-12-20T10:29:09.000Z
43.87503,11.10204,2019-12-16T11:03:52.817Z
43.85135,11.0756,2019-12-17T08:03:41.000Z
43.83856,11.19398,2019-12-17T08:37:51.977Z
43.88615,11.09696,2019-12-18T13:38:32.653Z
43.86542,11.16584,2019-12-16T12:00:23.000Z
43.88663,11.09996,2019-12-18T13:54:01.280Z
43.89647,11.08658,2019-12-20T13:29:59.663Z
43.85745,11.12201,2019-12-19T10:30:59.000Z
43.86256,11.16519,2019-12-17T15:44:43.000Z
43.9213,11.0246,2019-12-19T12:01:03.330Z
43.87341,11.04136,2019-12-17T11:26:57.000Z
43.86148,11.10784,2019-12-18T10:42:57.483Z
43.8292,11.13047,2019-12-19T09:55:58.000Z
43.89216,11.10752,2019-12-20T10:23:26.000Z
43.88237,11.10941,2019-12-19T12:40:11.000Z
43.80572,11.1799,2019-12-18T10:37:53.210Z
43.8681,11.16785,2019-12-17T10:05:32.000Z
43.87287,11.10955,2019-12-20T08:57:13.000Z
43.86804,11.09196,2019-12-18T10:54:48.617Z
43.86702,11.12764,2019-12-19T08:34:59.000Z
43.8676,11.09518,2019-12-20T11:26:55.000Z
43.87413,11.07815,2019-12-18T12:21:09.000Z
43.87519,11.05205,2019-12-19T13:21:36.207Z
43.80948,11.04962,2019-12-17T13:40:59.000Z
43.8512,11.10261,2019-12-19T16:28:51.000Z
43.86357,11.10999,2019-12-16T09:39:26.000Z
43.85997,11.05677,2019-12-16T12:08:43.160Z
43.8454,11.01416,2019-12-17T19:39:14.000Z
43.8996,11.18822,2019-12-17T12:28:40.000Z
43.88424,11.09453,2019-12-16T15:06:30.187Z
43.86131,11.0919,2019-12-20T12:21:17.000Z
43.843,11.20271,2019-12-19T11:52:19.000Z
43.89555,11.09788,2019-12-16T16:31:00.000Z
43.8932,11.0806,2019-12-19T10:27:17.520Z
43.86306,11.17351,2019-12-17T10:42:31.000Z
43.88528,11.09742,2019-12-18T15:13:00.843Z
43.8915,11.08091,2019-12-17T17:03:22.000Z
43.8644,11.09365,2019-12-20T12:42:37.000Z
43.84204,11.188,2019-12-19T14:00:12.000Z
43.88691,11.10739,2019-12-20T12:04:27.000Z
43.84591,11.21056,2019-12-19T12:10:50.000Z
43.82164,11.13578,2019-12-18T10:31:42.490Z
43.85843,11.11167,2019-12-17T11:14:36.000Z
43.91776,11.23288,2019-12-17T11:17:10.000Z
43.87027,11.09041,2019-12-18T13:36:07.837Z
43.88766,11.05124,2019-12-19T09:50:52.650Z
43.81002,11.18516,2019-12-18T11:24:45.000Z
43.88617,11.18363,2019-12-17T11:44:59.000Z
43.82689,11.06469,2019-12-20T15:51:08.763Z
43.8129,11.0524,2019-12-17T12:26:37.000Z
43.85566,11.14427,2019-12-18T16:37:53.620Z
43.89215,11.09411,2019-12-20T15:35:00.693Z
43.83483,11.19763,2019-12-17T15:51:00.587Z
43.85595,11.15112,2019-12-17T13:53:55.000Z
43.87457,11.10181,2019-12-16T11:31:13.583Z
43.86105,11.1195,2019-12-19T10:10:51.907Z
43.83693,11.18113,2019-12-20T12:22:46.000Z
43.88929,11.098,2019-12-18T12:30:11.327Z
43.85833,11.16426,2019-12-16T15:26:22.000Z
43.84459,11.12701,2019-12-17T11:36:33.000Z
43.89094,11.08678,2019-12-16T13:58:29.000Z
43.83971,11.20806,2019-12-17T10:52:58.000Z
43.81141,11.1413,2019-12-20T09:36:45.063Z
43.81096,11.18337,2019-12-18T11:28:07.000Z
43.82251,11.14641,2019-12-18T16:26:28.357Z
43.87381,11.07887,2019-12-18T12:11:21.000Z
43.86021,11.16351,2019-12-17T12:18:29.000Z
43.89727,11.09599,2019-12-17T09:05:19.743Z
43.85977,11.16136,2019-12-16T14:08:44.000Z
43.83102,11.15342,2019-12-18T14:24:42.450Z
43.86778,11.10519,2019-12-18T09:12:24.327Z
43.86445,11.11127,2019-12-17T11:30:25.700Z
43.83731,11.17671,2019-12-20T13:28:05.000Z
43.83992,11.17791,2019-12-20T13:43:00.000Z
43.86411,11.11316,2019-12-16T10:54:25.000Z
43.90449,11.10048,2019-12-16T15:13:10.157Z
43.86659,11.04566,2019-12-20T15:05:15.067Z
43.87318,11.04499,2019-12-19T15:00:15.440Z
43.92177,11.0585,2019-12-18T10:49:02.233Z
43.89487,11.08985,2019-12-18T08:14:26.730Z
43.8581,11.15797,2019-12-17T15:00:02.000Z
43.86706,11.10606,2019-12-18T09:18:26.987Z
43.92531,11.03989,2019-12-18T15:38:41.547Z
43.88904,11.1946,2019-12-17T10:52:54.000Z
43.89368,11.08328,2019-12-18T15:00:42.597Z
43.86152,11.09135,2019-12-20T12:12:57.000Z
43.88202,11.10394,2019-12-20T15:34:54.000Z
43.83826,11.18282,2019-12-20T14:16:45.000Z
43.86851,11.10311,2019-12-17T15:25:00.000Z
43.85778,11.1488,2019-12-16T10:09:47.000Z
43.81686,11.14536,2019-12-20T10:04:00.000Z
43.89822,11.1012,2019-12-16T15:06:08.000Z
43.87953,11.05342,2019-12-19T10:15:36.397Z
43.87964,11.10683,2019-12-20T13:09:47.000Z
43.89822,11.09823,2019-12-17T10:57:59.087Z
43.83391,11.18411,2019-12-20T10:54:24.000Z
43.85655,11.0535,2019-12-16T12:16:25.923Z
43.88935,11.08624,2019-12-16T13:14:02.633Z
43.87446,11.10713,2019-12-20T10:10:22.000Z
43.86893,11.11008,2019-12-20T13:18:02.000Z
43.85458,11.05594,2019-12-16T12:55:11.847Z
43.87506,11.03889,2019-12-17T11:09:13.000Z
43.89906,11.19023,2019-12-17T11:57:19.000Z
43.90302,11.07448,2019-12-19T14:46:45.000Z
43.88567,11.09895,2019-12-18T14:31:13.317Z
43.86314,11.16143,2019-12-16T13:33:51.000Z
43.86023,11.14048,2019-12-20T09:45:54.000Z
43.81456,11.05892,2019-12-17T14:40:17.000Z
43.94458,11.2132,2019-12-17T13:49:47.000Z
43.91964,11.06965,2019-12-20T13:29:55.320Z
43.88266,11.1811,2019-12-17T10:30:03.000Z
43.80842,11.18564,2019-12-18T11:21:45.000Z
43.89382,11.08947,2019-12-18T08:25:58.067Z
43.82452,11.21324,2019-12-18T10:20:32.323Z
43.86282,11.13753,2019-12-20T11:36:42.000Z
43.81392,11.05734,2019-12-17T15:03:07.000Z
43.8613,11.16945,2019-12-16T15:53:14.637Z
43.86843,11.12573,2019-12-19T09:15:36.000Z
43.83924,11.17299,2019-12-20T14:43:56.710Z
43.8583,11.11792,2019-12-19T12:15:05.000Z
43.84072,11.20299,2019-12-17T09:36:57.000Z
43.8698,11.11154,2019-12-20T08:24:27.000Z
43.86339,11.16814,2019-12-16T12:36:26.000Z
43.89498,11.18538,2019-12-17T12:01:24.000Z
43.89555,11.18372,2019-12-17T14:41:58.000Z
43.83099,11.13183,2019-12-19T09:23:19.000Z
43.85477,11.15779,2019-12-16T13:05:14.350Z
43.83568,11.18507,2019-12-20T11:38:28.000Z
43.81094,11.16521,2019-12-18T14:22:16.000Z
43.84024,11.2032,2019-12-17T09:32:48.000Z
43.8778,11.10548,2019-12-20T13:04:24.000Z
43.87442,11.04493,2019-12-20T11:57:19.433Z
43.81812,11.14247,2019-12-20T11:48:03.000Z
43.84043,11.11445,2019-12-17T09:29:24.000Z
43.86059,11.11808,2019-12-19T14:37:54.000Z
43.88855,11.09707,2019-12-18T11:55:31.140Z
43.81623,11.12941,2019-12-18T13:15:14.463Z
43.86316,11.13971,2019-12-20T10:34:01.000Z
43.86277,11.17447,2019-12-16T11:41:10.000Z
43.88169,11.10387,2019-12-20T13:30:48.187Z
43.89689,11.06248,2019-12-20T13:18:51.000Z
43.846,11.17707,2019-12-20T10:04:05.000Z
43.81784,11.14825,2019-12-18T12:22:40.840Z
43.81157,11.06028,2019-12-19T15:09:32.060Z
43.83354,11.21455,2019-12-19T08:53:15.403Z
43.8415,11.19712,2019-12-19T12:43:31.000Z
43.8342,11.21488,2019-12-19T08:48:17.000Z
43.89304,11.09503,2019-12-18T09:04:51.323Z
43.86321,11.08108,2019-12-18T14:44:06.000Z
43.83701,11.17803,2019-12-20T13:12:43.000Z
43.87553,11.10283,2019-12-19T11:29:22.000Z
43.87831,11.11548,2019-12-19T11:35:20.870Z
43.86274,11.08508,2019-12-17T17:14:42.000Z
43.84914,11.11631,2019-12-19T12:02:46.000Z
43.8563,11.0577,2019-12-20T12:07:34.113Z
43.87962,11.05191,2019-12-19T10:10:15.633Z
43.8189,11.14606,2019-12-18T15:24:59.473Z
43.86301,11.11496,2019-12-16T14:16:57.000Z
43.83473,11.18669,2019-12-20T11:19:24.230Z
43.80952,11.18306,2019-12-18T11:29:58.000Z
43.89401,11.08302,2019-12-16T16:53:44.000Z
43.85503,11.17395,2019-12-17T10:25:01.000Z
43.86002,11.16318,2019-12-16T13:51:04.000Z
43.83036,11.20191,2019-12-18T13:48:50.990Z
43.8649,11.17053,2019-12-17T11:20:28.000Z
43.90369,11.09458,2019-12-16T14:38:35.857Z
43.90296,11.07536,2019-12-19T14:43:55.000Z
43.83734,11.20817,2019-12-17T12:35:33.000Z
43.87565,11.06788,2019-12-19T09:41:55.983Z
43.86084,11.16145,2019-12-16T14:06:34.000Z
43.87126,11.08383,2019-12-18T14:55:24.000Z
43.894,11.08585,2019-12-20T13:34:37.253Z
43.86614,11.16765,2019-12-17T15:58:05.000Z
43.83981,11.18035,2019-12-20T14:02:54.000Z
43.84521,11.17725,2019-12-20T10:10:48.160Z
43.89368,11.08122,2019-12-16T16:12:51.000Z
43.89898,11.09933,2019-12-16T15:20:09.000Z
43.85593,11.1622,2019-12-16T14:51:37.000Z
43.81464,11.05605,2019-12-17T14:19:43.997Z
43.82679,11.12177,2019-12-19T11:04:53.543Z
43.81317,11.05828,2019-12-17T15:03:07.000Z
43.89186,11.0769,2019-12-17T15:55:47.000Z
43.83501,11.19777,2019-12-17T15:48:07.333Z
43.8648,11.11171,2019-12-17T11:33:56.000Z
43.92046,11.03818,2019-12-18T14:13:16.293Z
43.89368,11.18427,2019-12-17T11:51:45.000Z
43.94559,11.21415,2019-12-17T13:58:59.000Z
43.89975,11.06512,2019-12-20T12:48:35.000Z
43.84359,11.19628,2019-12-19T10:22:22.000Z
43.86093,11.17324,2019-12-17T10:47:14.000Z
43.89356,11.04279,2019-12-19T12:50:34.000Z
43.92637,11.03791,2019-12-18T15:40:59.910Z
43.88914,11.08003,2019-12-17T14:11:59.000Z
43.85721,11.14658,2019-12-16T09:52:22.000Z
43.86118,11.13741,2019-12-20T08:30:14.000Z
43.89411,11.07736,2019-12-17T15:08:19.000Z
43.88035,11.17625,2019-12-17T10:24:04.000Z
43.84162,11.19955,2019-12-19T11:02:28.000Z
43.84202,11.20821,2019-12-19T12:23:51.000Z
43.8818,11.10397,2019-12-20T13:34:10.000Z
43.86473,11.09239,2019-12-20T13:02:15.420Z
43.89652,11.18291,2019-12-17T14:52:52.000Z
43.85754,11.1266,2019-12-20T12:10:40.000Z
43.87128,11.08304,2019-12-18T14:20:48.000Z
43.85843,11.148,2019-12-16T10:50:58.000Z
43.88019,11.17606,2019-12-17T10:20:45.000Z
43.80561,11.05987,2019-12-20T15:29:20.197Z
43.89728,11.0954,2019-12-17T08:28:52.757Z
43.81556,11.05798,2019-12-17T11:38:26.403Z
43.86687,11.16523,2019-12-16T11:17:13.603Z
43.85894,11.16411,2019-12-16T15:35:50.000Z
43.86866,11.03674,2019-12-20T12:24:27.470Z
43.83151,11.13189,2019-12-18T12:30:42.137Z
43.81342,11.05866,2019-12-17T14:51:32.000Z
43.8689,11.1129,2019-12-20T08:00:16.000Z
43.83986,11.10849,2019-12-17T08:00:08.000Z
43.87259,11.16923,2019-12-17T10:10:04.000Z
43.85968,11.16158,2019-12-16T13:56:08.000Z
43.87136,11.11112,2019-12-20T09:55:45.000Z
43.9044,11.08797,2019-12-16T13:44:42.000Z
43.85408,11.14766,2019-12-18T16:31:21.620Z
43.89415,11.08302,2019-12-16T16:50:03.000Z
43.83443,11.09866,2019-12-17T12:28:19.423Z
43.89488,11.1829,2019-12-17T15:08:18.000Z
43.89411,11.08068,2019-12-16T16:33:36.000Z
43.89959,11.09509,2019-12-16T15:36:15.957Z
43.84263,11.19609,2019-12-19T10:05:25.000Z
43.85163,11.16412,2019-12-17T14:11:19.000Z
43.88578,11.08602,2019-12-18T16:04:21.087Z
43.86279,11.08174,2019-12-18T14:48:20.000Z
43.87014,11.08932,2019-12-17T12:59:41.087Z
43.89296,11.08939,2019-12-18T13:24:14.090Z
43.86662,11.16532,2019-12-16T11:11:36.000Z
43.86921,11.12515,2019-12-19T09:19:23.350Z
43.85406,11.15749,2019-12-17T13:58:38.000Z
43.84272,11.11461,2019-12-17T16:10:16.000Z
43.82278,11.21891,2019-12-19T11:15:09.000Z
43.80808,11.17979,2019-12-18T11:43:13.000Z
43.80427,11.18194,2019-12-18T10:44:56.000Z
43.85577,11.15123,2019-12-17T13:45:06.600Z
43.89483,11.08069,2019-12-17T15:05:59.000Z
43.83801,11.21014,2019-12-17T12:07:33.000Z
43.85801,11.11361,2019-12-16T14:03:39.000Z
43.87686,11.10424,2019-12-20T13:50:46.727Z
43.87515,11.04253,2019-12-17T12:34:53.413Z
43.86347,11.12597,2019-12-20T12:10:44.000Z
43.82331,11.12146,2019-12-19T13:01:43.390Z
43.89036,11.10659,2019-12-20T10:48:32.000Z
43.89413,11.18032,2019-12-17T15:26:36.757Z
43.8629,11.09208,2019-12-20T13:11:17.000Z
43.82668,11.12271,2019-12-19T11:10:36.533Z
43.86883,11.06142,2019-12-17T14:01:37.370Z
43.89835,11.07626,2019-12-19T11:01:12.000Z
43.8045,11.18351,2019-12-18T11:17:18.000Z
43.89204,11.1026,2019-12-17T15:37:56.537Z
43.86171,11.10915,2019-12-17T10:55:01.000Z
43.89908,11.08873,2019-12-16T15:12:54.000Z
43.85637,11.1509,2019-12-16T13:07:25.000Z
43.87782,11.10322,2019-12-20T11:47:53.927Z
43.83067,11.12688,2019-12-18T08:36:55.853Z
43.8765,11.10515,2019-12-20T10:44:51.000Z
43.81368,11.16968,2019-12-18T13:51:47.000Z
43.91306,11.22178,2019-12-17T10:54:26.000Z
43.89211,11.08799,2019-12-16T13:31:44.000Z
43.84266,11.11232,2019-12-19T10:36:05.303Z
43.8583,11.0473,2019-12-18T08:28:11.167Z
43.86462,11.17234,2019-12-17T11:46:19.000Z
43.90624,11.03314,2019-12-16T10:43:01.680Z
43.89475,11.18524,2019-12-17T11:57:18.000Z
43.88319,11.18265,2019-12-17T10:38:59.000Z
43.92846,11.0326,2019-12-19T14:05:50.000Z
43.84047,11.17989,2019-12-20T14:01:49.000Z
43.87084,11.07453,2019-12-18T12:59:07.000Z
43.84442,11.18946,2019-12-19T14:16:21.000Z
43.86197,11.16615,2019-12-16T16:55:06.000Z
43.86935,11.11278,2019-12-20T08:18:44.687Z
43.81414,11.05613,2019-12-17T14:17:15.000Z
43.86298,11.09152,2019-12-20T13:14:41.000Z
43.86968,11.09064,2019-12-18T15:55:57.627Z
43.85288,11.10783,2019-12-19T11:37:14.000Z
43.86116,11.1609,2019-12-16T12:08:44.513Z
43.83462,11.10095,2019-12-17T12:25:15.503Z
43.81158,11.16913,2019-12-18T13:58:37.000Z
43.95566,11.2136,2019-12-17T13:14:19.000Z
43.85603,11.15608,2019-12-17T14:28:05.000Z
43.86637,11.10528,2019-12-17T15:45:34.000Z
43.89471,11.06696,2019-12-19T14:59:50.740Z
43.84008,11.17841,2019-12-20T13:47:43.000Z
43.88282,11.18185,2019-12-17T10:32:44.000Z
43.83498,11.17607,2019-12-20T14:47:52.583Z
43.87616,11.0541,2019-12-19T11:50:23.000Z
43.9138,11.22383,2019-12-17T10:57:45.457Z
43.90509,11.07477,2019-12-19T12:37:58.000Z
43.8092,11.17204,2019-12-18T10:05:49.000Z
43.83438,11.18811,2019-12-19T12:59:47.000Z
43.87412,11.10212,2019-12-20T16:01:55.537Z
43.87929,11.05825,2019-12-19T09:52:25.257Z
43.90146,11.05431,2019-12-20T15:21:21.000Z
43.84068,11.11477,2019-12-16T08:53:38.120Z
43.86493,11.08433,2019-12-19T08:18:25.000Z
43.86058,11.14133,2019-12-20T09:57:18.000Z
43.83386,11.18538,2019-12-20T10:39:49.000Z
43.84545,11.09595,2019-12-19T13:34:22.110Z
43.84396,11.20267,2019-12-19T12:03:32.000Z
43.90133,11.06671,2019-12-20T11:51:41.000Z
43.84459,11.12699,2019-12-17T11:38:13.000Z
43.87001,11.08499,2019-12-18T11:03:13.000Z
43.87558,11.04224,2019-12-17T12:46:17.000Z
43.83855,11.18234,2019-12-20T14:13:53.000Z
43.85935,11.06042,2019-12-16T12:05:47.460Z
43.8479,11.1027,2019-12-19T16:22:15.637Z
43.87874,11.09462,2019-12-16T14:58:16.083Z
43.87834,11.10459,2019-12-20T13:09:44.540Z
43.84216,11.1135,2019-12-19T10:29:26.000Z
43.91258,11.03141,2019-12-19T11:47:26.847Z
43.84167,11.06888,2019-12-17T09:44:05.000Z
43.88828,11.10616,2019-12-20T11:39:58.307Z
43.85194,11.09218,2019-12-19T14:19:18.000Z
43.89602,11.08606,2019-12-20T14:01:11.510Z
43.88691,11.10741,2019-12-20T12:03:17.000Z
43.89043,11.07694,2019-12-17T15:26:51.000Z
43.88066,11.05923,2019-12-19T08:49:15.357Z
43.84145,11.1927,2019-12-19T09:40:39.000Z
43.86085,11.11831,2019-12-19T11:09:58.000Z
43.86258,11.11275,2019-12-16T13:25:55.000Z
43.87588,11.10631,2019-12-20T10:21:37.000Z
43.86434,11.04268,2019-12-20T12:59:05.783Z
43.86428,11.16808,2019-12-16T11:52:11.000Z
43.90919,11.05527,2019-12-16T10:53:00.000Z
43.86245,11.16819,2019-12-16T12:13:10.000Z
43.92797,11.03199,2019-12-19T14:13:27.000Z
43.87023,11.11167,2019-12-16T12:57:21.047Z
43.84418,11.18935,2019-12-19T14:20:09.000Z
43.86259,11.11838,2019-12-19T10:34:40.000Z
43.89167,11.0822,2019-12-16T15:13:59.000Z
43.88993,11.07425,2019-12-18T12:55:00.707Z
43.81175,11.18022,2019-12-18T12:59:39.000Z
43.85803,11.15779,2019-12-17T14:58:43.000Z
43.8809,11.15675,2019-12-16T14:03:59.000Z
43.84704,11.10842,2019-12-19T11:03:28.000Z
43.87094,11.08495,2019-12-18T11:36:06.000Z
43.89033,11.08172,2019-12-20T14:06:09.007Z
43.88922,11.08002,2019-12-17T14:12:02.000Z
43.89703,11.10523,2019-12-18T08:40:36.737Z
43.85666,11.15243,2019-12-16T13:09:14.000Z
43.89008,11.07862,2019-12-17T14:35:52.000Z
43.84295,11.11466,2019-12-17T15:59:36.000Z
43.83475,11.18325,2019-12-20T10:51:18.000Z
43.87296,11.10108,2019-12-20T16:21:42.910Z
43.84737,11.12339,2019-12-17T11:23:01.000Z
43.86303,11.10792,2019-12-18T09:30:16.667Z
43.86412,11.17076,2019-12-16T11:03:03.000Z
43.88108,11.10355,2019-12-20T15:11:12.000Z
43.86913,11.11218,2019-12-20T11:12:26.000Z
43.87772,11.10341,2019-12-20T12:13:26.770Z
43.84091,11.04293,2019-12-18T10:37:12.227Z
43.92366,11.04803,2019-12-18T12:35:26.427Z
43.8639,11.11157,2019-12-16T09:41:06.000Z
43.86125,11.15143,2019-12-16T10:42:57.000Z
43.90027,11.09509,2019-12-16T16:00:40.000Z
43.87521,11.04293,2019-12-17T12:37:42.000Z
43.82306,11.13323,2019-12-20T14:37:27.813Z
43.82331,11.12412,2019-12-19T12:32:05.000Z
43.88348,11.09617,2019-12-16T14:53:05.327Z
43.82557,11.12807,2019-12-20T13:35:36.110Z
43.83465,11.18318,2019-12-20T10:49:28.000Z
43.90615,11.08514,2019-12-16T12:51:51.623Z
43.85725,11.15179,2019-12-16T13:14:15.000Z
43.87196,11.05017,2019-12-19T15:10:05.230Z
43.88501,11.10442,2019-12-20T12:32:50.167Z
43.87145,11.1053,2019-12-20T14:51:39.000Z
43.83649,11.28779,2019-12-19T10:42:56.700Z
43.84462,11.11101,2019-12-19T10:43:55.410Z
43.92136,11.0909,2019-12-16T13:09:30.000Z
43.88113,11.10349,2019-12-20T15:13:21.000Z
43.87104,11.12096,2019-12-19T08:05:37.160Z
43.86958,11.09704,2019-12-20T10:20:09.000Z
43.94429,11.21276,2019-12-17T13:54:41.000Z
43.88514,11.09505,2019-12-18T13:23:09.280Z
43.89132,11.08092,2019-12-17T17:07:34.000Z
43.85459,11.14923,2019-12-17T13:28:20.717Z
43.80886,11.06132,2019-12-17T15:34:11.897Z
43.89792,11.18748,2019-12-17T12:19:07.000Z
43.81134,11.05995,2019-12-17T15:29:35.000Z
43.87341,11.10152,2019-12-20T16:17:17.000Z
43.94394,11.21196,2019-12-17T13:58:53.000Z
43.80653,11.17734,2019-12-18T10:16:00.517Z
43.83949,11.21372,2019-12-17T13:57:02.000Z
43.80651,11.1355,2019-12-20T12:35:26.597Z
43.88778,11.08388,2019-12-17T13:42:37.000Z
43.85518,11.17421,2019-12-17T10:18:53.263Z
43.80288,11.17809,2019-12-18T10:41:52.110Z
43.86262,11.08502,2019-12-17T17:34:09.000Z
43.89837,11.10056,2019-12-20T11:05:19.570Z
43.8773,11.06042,2019-12-19T12:35:09.710Z
43.81191,11.05163,2019-12-17T12:39:48.000Z
43.87518,11.11129,2019-12-20T11:41:04.000Z
43.84478,11.19036,2019-12-19T14:18:08.000Z
43.87318,11.09363,2019-12-18T11:19:26.287Z
43.86069,11.11414,2019-12-19T14:11:09.000Z
43.855,11.15954,2019-12-16T12:53:12.257Z
43.82573,11.13855,2019-12-18T13:13:48.893Z
43.84988,11.08692,2019-12-17T15:41:17.000Z
43.86672,11.15909,2019-12-16T11:46:57.000Z
43.80972,11.16581,2019-12-18T09:51:51.000Z
43.82347,11.12236,2019-12-19T12:57:51.193Z
43.86681,11.15946,2019-12-16T11:43:28.000Z
43.85873,11.16238,2019-12-16T13:34:34.000Z
43.82627,11.21874,2019-12-19T11:51:13.000Z
43.87123,11.09344,2019-12-18T14:41:48.433Z
43.85687,11.14936,2019-12-17T13:16:12.000Z
43.84068,11.11476,2019-12-17T10:26:49.000Z
43.87127,11.07536,2019-12-18T12:51:51.000Z
43.88943,11.08125,2019-12-20T14:02:43.177Z
43.89571,11.09813,2019-12-16T16:39:31.000Z
43.81242,11.1719,2019-12-18T13:29:00.000Z
43.89849,11.18522,2019-12-17T14:22:02.793Z
43.89169,11.09507,2019-12-20T15:28:50.570Z
43.91643,11.22488,2019-12-17T11:26:09.000Z
43.86439,11.11131,2019-12-17T11:30:09.337Z
43.85062,11.18223,2019-12-16T11:16:32.000Z
43.88369,11.05139,2019-12-19T11:10:52.717Z
43.81112,11.04875,2019-12-17T12:26:36.000Z
43.86386,11.07708,2019-12-18T16:12:24.000Z
43.86823,11.0961,2019-12-20T10:01:19.973Z
43.91366,11.02865,2019-12-19T11:10:27.000Z
43.85112,11.17395,2019-12-17T10:09:47.000Z
43.84774,11.1244,2019-12-17T11:20:52.000Z
43.89492,11.08992,2019-12-17T10:00:41.650Z
43.83673,11.17687,2019-12-20T13:16:41.000Z
43.86273,11.16871,2019-12-16T12:04:17.000Z
43.88015,11.09423,2019-12-16T16:23:23.567Z
43.85535,11.06181,2019-12-16T10:42:41.343Z
43.83432,11.18339,2019-12-20T10:46:09.000Z
43.87281,11.05389,2019-12-19T13:07:12.240Z
43.86491,11.16713,2019-12-16T11:02:50.000Z
43.866,11.16616,2019-12-16T11:25:09.000Z
43.8959,11.09593,2019-12-20T11:49:49.620Z
43.9019,11.0734,2019-12-19T12:14:01.000Z
43.8373,11.18318,2019-12-20T12:06:16.000Z
43.88904,11.03938,2019-12-17T08:50:39.647Z
43.89655,11.0901,2019-12-20T13:04:20.090Z
43.82298,11.12338,2019-12-19T12:32:08.000Z
43.89478,11.0786,2019-12-17T16:35:57.783Z
43.82474,11.13913,2019-12-20T12:54:27.000Z
43.81297,11.2136,2019-12-18T09:50:23.920Z
43.87518,11.11773,2019-12-19T10:41:07.000Z
43.89388,11.08296,2019-12-16T16:51:41.000Z
43.88688,11.10742,2019-12-20T12:03:08.000Z
43.85894,11.07951,2019-12-18T15:17:42.000Z
43.84348,11.1966,2019-12-19T10:18:01.000Z
43.89209,11.07607,2019-12-17T15:44:04.000Z
43.82568,11.12213,2019-12-19T11:18:56.000Z
43.88169,11.04126,2019-12-17T10:15:11.370Z
43.88591,11.0968,2019-12-18T15:08:34.233Z
43.83367,11.20722,2019-12-17T13:44:13.000Z
43.89761,11.18362,2019-12-17T14:30:49.000Z
43.85846,11.16416,2019-12-16T15:12:17.000Z
43.86544,11.0802,2019-12-18T16:31:11.230Z
43.8936,11.09703,2019-12-18T10:44:05.603Z
43.90289,11.03706,2019-12-19T15:43:02.913Z
43.87162,11.0506,2019-12-19T15:17:36.043Z
43.86987,11.09434,2019-12-20T10:20:06.000Z
43.87841,11.09493,2019-12-16T14:50:18.997Z
43.88686,11.06987,2019-12-17T16:19:04.393Z
43.87295,11.10111,2019-12-20T16:26:09.000Z
43.87741,11.11345,2019-12-19T13:37:57.000Z
43.89653,11.06177,2019-12-19T16:30:42.557Z
43.80555,11.186,2019-12-18T11:09:38.000Z
43.88637,11.09475,2019-12-18T16:02:00.247Z
43.81791,11.14288,2019-12-20T11:45:02.347Z
43.80885,11.17394,2019-12-18T14:08:20.000Z
43.83969,11.17843,2019-12-20T13:38:13.000Z
43.85116,11.10268,2019-12-19T16:33:20.000Z
43.89977,11.09468,2019-12-16T16:11:41.597Z
43.90715,11.05768,2019-12-16T11:42:46.467Z
43.89584,11.06843,2019-12-16T07:57:20.000Z
43.85096,11.1026,2019-12-19T16:30:01.000Z
43.86139,11.10988,2019-12-17T11:09:14.783Z
43.89574,11.09814,2019-12-16T16:37:24.000Z
43.87148,11.10771,2019-12-20T12:33:26.807Z
43.88926,11.08004,2019-12-17T14:12:40.000Z
43.81232,11.04766,2019-12-17T12:14:48.000Z
43.89012,11.0783,2019-12-17T14:35:29.000Z
43.86709,11.11267,2019-12-17T13:04:46.010Z
43.88354,11.08886,2019-12-18T16:20:34.150Z
43.82952,11.19554,2019-12-17T16:09:31.450Z
43.90715,11.05767,2019-12-16T11:46:09.000Z
43.87388,11.06633,2019-12-17T15:36:20.953Z
43.87317,11.10113,2019-12-20T16:28:39.000Z
43.86763,11.11228,2019-12-20T11:40:20.000Z
43.81645,11.06032,2019-12-17T11:16:25.000Z
43.90452,11.10063,2019-12-16T15:16:49.723Z
43.88599,11.0954,2019-12-16T15:25:45.087Z
43.89564,11.18608,2019-12-17T12:08:37.000Z
43.87511,11.04033,2019-12-17T11:07:10.023Z
43.82024,11.14195,2019-12-18T12:01:20.633Z
43.89267,11.0827,2019-12-16T15:52:53.680Z
43.86093,11.16257,2019-12-16T12:05:14.000Z
43.81468,11.17536,2019-12-18T13:23:52.000Z
43.86623,11.16526,2019-12-16T11:28:28.000Z
43.86287,11.08483,2019-12-19T10:28:07.000Z
43.87175,11.11031,2019-12-20T10:44:40.000Z
43.89214,11.10759,2019-12-20T10:24:54.240Z
43.87456,11.04156,2019-12-17T11:49:24.527Z
43.92315,11.03226,2019-12-19T12:26:48.000Z
43.89556,11.09804,2019-12-16T16:35:35.000Z
43.81409,11.0596,2019-12-17T14:45:33.000Z
43.91182,11.0295,2019-12-20T14:55:30.130Z
43.89061,11.09328,2019-12-18T12:27:57.417Z
43.82208,11.12122,2019-12-17T12:40:14.740Z
43.83501,11.1795,2019-12-20T12:47:26.000Z
43.87027,11.08968,2019-12-17T13:00:02.030Z
43.84454,11.16121,2019-12-17T13:34:34.000Z
43.88442,11.09734,2019-12-16T14:15:41.903Z
43.85692,11.14633,2019-12-16T09:57:51.000Z
43.87789,11.10372,2019-12-20T11:42:33.760Z
43.91705,11.0557,2019-12-20T11:09:58.767Z
43.82132,11.12865,2019-12-16T08:49:55.117Z
43.8292,11.19995,2019-12-16T12:45:46.127Z
43.84709,11.10838,2019-12-19T11:23:16.000Z
43.84288,11.19787,2019-12-19T10:41:28.000Z
43.86149,11.16614,2019-12-16T16:49:06.000Z
43.84851,11.12011,2019-12-17T11:07:03.000Z
43.88677,11.09286,2019-12-18T17:22:45.413Z
43.84349,11.08692,2019-12-17T13:14:05.000Z
43.8625,11.08679,2019-12-19T08:40:22.000Z
43.83729,11.17359,2019-12-20T10:16:28.000Z
43.94369,11.21716,2019-12-17T14:12:30.000Z
43.87366,11.10723,2019-12-20T15:23:33.000Z
43.86642,11.11285,2019-12-17T13:14:10.000Z
43.86142,11.12334,2019-12-19T14:09:43.000Z
43.86099,11.15238,2019-12-16T10:14:10.000Z
43.92726,11.03008,2019-12-19T13:28:15.000Z
43.90238,11.08004,2019-12-19T15:06:09.000Z
43.87038,11.11411,2019-12-17T12:13:43.000Z
43.85713,11.15009,2019-12-16T13:22:16.340Z
43.89882,11.05084,2019-12-20T14:48:57.000Z
43.8676,11.11224,2019-12-20T11:36:31.000Z
43.8589,11.11813,2019-12-19T11:52:13.000Z
43.89143,11.08099,2019-12-17T17:09:35.000Z
43.8625,11.1513,2019-12-16T10:41:27.000Z
43.87173,11.11293,2019-12-20T10:14:54.000Z
43.83401,11.18392,2019-12-20T10:43:49.000Z
43.86584,11.11198,2019-12-17T11:45:11.177Z
43.84276,11.10601,2019-12-18T09:38:41.000Z
43.8577,11.14884,2019-12-16T10:08:49.000Z
43.87,11.08859,2019-12-19T15:26:46.357Z
43.85655,11.15209,2019-12-16T13:01:48.617Z
43.81184,11.16828,2019-12-18T13:42:13.000Z
43.87348,11.09439,2019-12-17T10:20:26.193Z
43.89473,11.08044,2019-12-17T15:09:00.510Z
43.90256,11.03025,2019-12-16T10:02:07.510Z
43.91186,11.05926,2019-12-16T11:20:36.000Z
43.89037,11.09147,2019-12-18T16:27:59.490Z
43.79895,11.14296,2019-12-16T10:43:27.347Z
43.8967,11.09541,2019-12-20T12:05:05.963Z
43.89932,11.05258,2019-12-20T15:18:49.000Z
43.86245,11.11342,2019-12-16T13:35:15.000Z
43.82797,11.21112,2019-12-19T12:13:01.000Z
43.89378,11.09915,2019-12-19T12:16:31.423Z
43.86221,11.13832,2019-12-20T10:42:17.000Z
43.86149,11.13972,2019-12-20T09:33:20.773Z
43.88791,11.10891,2019-12-20T09:12:43.000Z
43.8959,11.09467,2019-12-17T09:44:56.477Z
43.87023,11.05375,2019-12-19T14:31:22.690Z
43.89554,11.18704,2019-12-17T15:17:59.000Z
43.84854,11.12004,2019-12-17T11:12:16.000Z
43.86052,11.11217,2019-12-16T14:57:58.000Z
43.84592,11.19804,2019-12-19T11:31:27.000Z
43.80396,11.18527,2019-12-18T10:59:22.000Z
43.84176,11.19127,2019-12-19T13:17:29.000Z
43.87706,11.03197,2019-12-17T10:38:55.707Z
43.79786,11.14081,2019-12-16T15:11:19.603Z
43.81265,11.05312,2019-12-17T12:14:44.000Z
43.88116,11.10739,2019-12-20T14:15:50.107Z
43.86508,11.11644,2019-12-16T12:52:55.157Z
43.84178,11.20602,2019-12-19T12:45:41.000Z
43.92747,11.02974,2019-12-19T13:32:50.443Z
43.84254,11.1889,2019-12-19T13:55:17.000Z
43.90747,11.05272,2019-12-20T11:21:49.000Z
43.86281,11.13738,2019-12-20T11:39:12.603Z
43.85928,11.12082,2019-12-19T10:19:45.243Z
43.86207,11.13707,2019-12-20T08:42:56.000Z
43.92458,11.04248,2019-12-18T13:14:32.420Z
43.84279,11.19745,2019-12-19T10:38:41.000Z
43.87446,11.17359,2019-12-16T14:08:00.000Z
43.86101,11.17588,2019-12-17T10:30:01.000Z
43.83975,11.20822,2019-12-17T10:26:45.000Z
43.83386,11.19342,2019-12-16T13:45:33.610Z
43.82485,11.13788,2019-12-20T14:14:00.277Z
43.86148,11.04319,2019-12-20T12:39:37.193Z
43.90216,11.07246,2019-12-19T12:21:10.493Z
43.81517,11.05916,2019-12-17T11:20:57.000Z
43.86747,11.11384,2019-12-16T12:59:27.000Z
43.87842,11.10532,2019-12-20T13:00:17.480Z
43.87083,11.09769,2019-12-20T10:31:10.000Z
43.84789,11.09182,2019-12-19T12:51:19.660Z
43.84601,11.17676,2019-12-20T10:06:24.000Z
43.86604,11.06439,2019-12-17T12:27:59.770Z
43.86322,11.14272,2019-12-20T10:22:36.000Z
43.81482,11.05836,2019-12-17T14:32:44.000Z
43.85989,11.16613,2019-12-16T16:00:30.000Z
43.89485,11.09823,2019-12-17T15:10:53.000Z
43.87984,11.11116,2019-12-19T12:31:00.000Z
43.85206,11.1632,2019-12-17T14:04:10.643Z
43.87876,11.11157,2019-12-19T13:04:56.000Z
43.8963,11.08383,2019-12-20T13:55:44.797Z
43.83535,11.18561,2019-12-20T11:33:56.000Z
43.84924,11.10204,2019-12-19T16:25:04.537Z
43.85899,11.15033,2019-12-16T10:11:41.000Z
43.85549,11.14433,2019-12-18T16:36:01.120Z
43.86991,11.08552,2019-12-18T10:57:57.000Z
43.9011,11.07367,2019-12-19T11:49:54.000Z
43.90465,11.09396,2019-12-16T14:25:15.960Z
43.82366,11.12432,2019-12-19T12:00:43.000Z
43.86302,11.11806,2019-12-16T11:42:34.000Z
43.81706,11.14558,2019-12-20T09:14:38.000Z
43.86749,11.1123,2019-12-20T11:40:20.000Z
43.80578,11.17327,2019-12-18T09:59:47.000Z
43.86993,11.09502,2019-12-17T11:46:06.670Z
43.91562,11.06031,2019-12-20T10:52:23.000Z
43.87351,11.07472,2019-12-18T14:02:01.000Z
43.88037,11.03581,2019-12-18T11:10:50.463Z
43.87971,11.1053,2019-12-20T13:02:27.000Z
43.81961,11.13089,2019-12-17T14:05:18.000Z
43.90837,11.08656,2019-12-16T12:22:43.337Z
43.84069,11.11456,2019-12-17T10:52:16.000Z
43.86195,11.1523,2019-12-16T10:36:55.000Z
43.84297,11.19663,2019-12-19T10:15:55.000Z
43.87448,11.11037,2019-12-20T12:03:21.000Z
43.84768,11.08752,2019-12-17T10:47:28.000Z
43.86288,11.11774,2019-12-16T10:17:03.000Z
43.86696,11.15595,2019-12-16T14:00:55.000Z
43.91156,11.06073,2019-12-16T11:23:25.000Z
43.90132,11.06669,2019-12-16T09:05:20.000Z
43.9065,11.03383,2019-12-20T14:44:41.407Z
43.86082,11.16648,2019-12-16T16:24:42.000Z
43.85816,11.14304,2019-12-16T09:47:28.000Z
43.89119,11.09045,2019-12-18T15:26:27.467Z
43.8489,11.09057,2019-12-19T14:13:54.000Z
43.86273,11.08503,2019-12-17T17:30:36.000Z
43.83435,11.20333,2019-12-17T14:30:49.000Z
43.87726,11.10318,2019-12-20T12:35:07.000Z
43.82557,11.12476,2019-12-19T13:56:57.000Z
43.83709,11.17998,2019-12-20T12:28:33.347Z
43.86647,11.16496,2019-12-16T11:30:04.000Z
43.81139,11.05988,2019-12-17T15:19:12.000Z
43.81527,11.17055,2019-12-18T13:48:37.000Z
43.89135,11.09277,2019-12-20T15:19:38.773Z
43.86989,11.08775,2019-12-19T15:46:01.080Z
43.85563,11.15536,2019-12-17T14:42:56.000Z
43.8704,11.09748,2019-12-20T10:39:57.000Z
43.91925,11.05734,2019-12-18T10:28:19.443Z
43.83922,11.17501,2019-12-19T15:47:17.637Z
43.85871,11.12087,2019-12-19T11:40:09.823Z
43.88009,11.05613,2019-12-19T09:56:13.000Z
43.85664,10.99055,2019-12-17T19:24:51.000Z
43.90213,11.07849,2019-12-19T14:21:18.000Z
43.89183,11.08623,2019-12-16T14:24:59.000Z
43.8599,11.16619,2019-12-16T15:59:41.000Z
43.87525,11.04295,2019-12-17T12:35:34.053Z
43.84687,11.10825,2019-12-19T11:01:45.000Z
43.86639,11.0464,2019-12-20T10:04:51.507Z
43.84305,11.19581,2019-12-19T10:08:04.000Z
43.84167,11.18945,2019-12-19T13:49:36.000Z
43.84146,11.19963,2019-12-19T11:04:27.997Z
43.909,11.06711,2019-12-20T13:54:21.590Z
43.81136,11.06,2019-12-17T15:21:23.000Z
43.83717,11.18313,2019-12-20T11:59:19.000Z
43.86171,11.09598,2019-12-20T12:32:05.000Z
43.85843,11.12082,2019-12-19T10:23:14.240Z
43.84149,11.18898,2019-12-19T13:46:04.000Z
43.80362,11.18523,2019-12-18T11:08:18.000Z
43.83687,11.1832,2019-12-20T11:57:47.000Z
43.85911,11.16077,2019-12-16T13:53:48.797Z
43.89166,11.08092,2019-12-17T16:58:35.000Z
43.89205,11.08837,2019-12-16T12:52:45.000Z
43.81871,11.12652,2019-12-17T10:03:46.000Z
43.86635,11.1117,2019-12-17T13:21:07.000Z
43.86514,11.16774,2019-12-16T10:58:03.000Z
43.89315,11.18062,2019-12-17T15:13:54.253Z
43.8707,11.08356,2019-12-18T11:10:14.000Z
43.89053,11.07728,2019-12-18T13:25:37.873Z
43.89606,11.10136,2019-12-17T16:09:46.000Z
43.92542,11.03062,2019-12-19T12:29:13.073Z
43.8725,11.11052,2019-12-20T09:17:11.000Z
43.82781,11.21572,2019-12-18T10:30:53.203Z
43.84454,11.19639,2019-12-19T10:29:24.000Z
43.88982,11.08807,2019-12-18T15:45:14.363Z
43.87303,11.10089,2019-12-16T10:31:08.267Z
43.85695,11.14678,2019-12-16T09:52:24.000Z
